"Year","Month","SpeciesAuthor","MatrixPopulation","tmp","ppt","Lon","Lat"
1981,1,"Silene_spaldingii","Eureka",-2.17000007629395,33.4300003051758,-115.05,48.9666666666667
1981,2,"Silene_spaldingii","Eureka",-0.820000052452087,38.2000007629395,-115.05,48.9666666666667
1981,3,"Silene_spaldingii","Eureka",3.27999997138977,22.25,-115.05,48.9666666666667
1981,4,"Silene_spaldingii","Eureka",6.59999990463257,36.810001373291,-115.05,48.9666666666667
1981,5,"Silene_spaldingii","Eureka",11.2649993896484,88.8199996948242,-115.05,48.9666666666667
1981,6,"Silene_spaldingii","Eureka",11.9050006866455,131.899993896484,-115.05,48.9666666666667
1981,7,"Silene_spaldingii","Eureka",16.7749996185303,54.6699981689453,-115.05,48.9666666666667
1981,8,"Silene_spaldingii","Eureka",19.9099998474121,11.1700000762939,-115.05,48.9666666666667
1981,9,"Silene_spaldingii","Eureka",12.9249992370605,31.7800006866455,-115.05,48.9666666666667
1981,10,"Silene_spaldingii","Eureka",5.90499973297119,13.3400001525879,-115.05,48.9666666666667
1981,11,"Silene_spaldingii","Eureka",2.31500005722046,39.0699996948242,-115.05,48.9666666666667
1981,12,"Silene_spaldingii","Eureka",-3.92499995231628,44.5200004577637,-115.05,48.9666666666667
1982,1,"Silene_spaldingii","Eureka",-7.49499988555908,67.1100006103516,-115.05,48.9666666666667
1982,2,"Silene_spaldingii","Eureka",-3.7649998664856,87.9800033569336,-115.05,48.9666666666667
1982,3,"Silene_spaldingii","Eureka",2.8600001335144,40.060001373291,-115.05,48.9666666666667
1982,4,"Silene_spaldingii","Eureka",4.24000024795532,51.310001373291,-115.05,48.9666666666667
1982,5,"Silene_spaldingii","Eureka",10.125,34.2999992370605,-115.05,48.9666666666667
1982,6,"Silene_spaldingii","Eureka",15.7299995422363,76.0999984741211,-115.05,48.9666666666667
1982,7,"Silene_spaldingii","Eureka",16.5249996185303,64.370002746582,-115.05,48.9666666666667
1982,8,"Silene_spaldingii","Eureka",18.5100002288818,20.6200008392334,-115.05,48.9666666666667
1982,9,"Silene_spaldingii","Eureka",12.7399997711182,54.1199989318848,-115.05,48.9666666666667
1982,10,"Silene_spaldingii","Eureka",6.15999984741211,18.4699993133545,-115.05,48.9666666666667
1982,11,"Silene_spaldingii","Eureka",-1.55499994754791,41.7700004577637,-115.05,48.9666666666667
1982,12,"Silene_spaldingii","Eureka",-4.78499984741211,53.5200004577637,-115.05,48.9666666666667
1983,1,"Silene_spaldingii","Eureka",-0.694999933242798,38.5999984741211,-115.05,48.9666666666667
1983,2,"Silene_spaldingii","Eureka",1.26999998092651,24.7700004577637,-115.05,48.9666666666667
1983,3,"Silene_spaldingii","Eureka",3.99000000953674,48.0499992370605,-115.05,48.9666666666667
1983,4,"Silene_spaldingii","Eureka",6.55499982833862,51.9300003051758,-115.05,48.9666666666667
1983,5,"Silene_spaldingii","Eureka",11.9750003814697,20.3400001525879,-115.05,48.9666666666667
1983,6,"Silene_spaldingii","Eureka",14.0299997329712,74.4800033569336,-115.05,48.9666666666667
1983,7,"Silene_spaldingii","Eureka",16.3299999237061,90.7300033569336,-115.05,48.9666666666667
1983,8,"Silene_spaldingii","Eureka",19.1700000762939,34.5900001525879,-115.05,48.9666666666667
1983,9,"Silene_spaldingii","Eureka",10.8699998855591,19.3600006103516,-115.05,48.9666666666667
1983,10,"Silene_spaldingii","Eureka",6.58500003814697,20.3500003814697,-115.05,48.9666666666667
1983,11,"Silene_spaldingii","Eureka",2.51999998092651,65.9199981689453,-115.05,48.9666666666667
1983,12,"Silene_spaldingii","Eureka",-12.1800003051758,30.7099990844727,-115.05,48.9666666666667
1984,1,"Silene_spaldingii","Eureka",-2.77999997138977,20.6900005340576,-115.05,48.9666666666667
1984,2,"Silene_spaldingii","Eureka",0.700000047683716,9,-115.05,48.9666666666667
1984,3,"Silene_spaldingii","Eureka",4.03999996185303,28.3999996185303,-115.05,48.9666666666667
1984,4,"Silene_spaldingii","Eureka",6.51999998092651,32.75,-115.05,48.9666666666667
1984,5,"Silene_spaldingii","Eureka",9.22500038146973,75.6100006103516,-115.05,48.9666666666667
1984,6,"Silene_spaldingii","Eureka",13.6100006103516,81.9100036621094,-115.05,48.9666666666667
1984,7,"Silene_spaldingii","Eureka",18.8050003051758,15.4200000762939,-115.05,48.9666666666667
1984,8,"Silene_spaldingii","Eureka",19.0949993133545,24.6800003051758,-115.05,48.9666666666667
1984,9,"Silene_spaldingii","Eureka",10.6350002288818,50.7400016784668,-115.05,48.9666666666667
1984,10,"Silene_spaldingii","Eureka",4.50999975204468,54.6100006103516,-115.05,48.9666666666667
1984,11,"Silene_spaldingii","Eureka",-0.105000019073486,47.2700004577637,-115.05,48.9666666666667
1984,12,"Silene_spaldingii","Eureka",-7.56999969482422,44.1100006103516,-115.05,48.9666666666667
1985,1,"Silene_spaldingii","Eureka",-7.74499988555908,3.08999991416931,-115.05,48.9666666666667
1985,2,"Silene_spaldingii","Eureka",-6.14000034332275,28.2299995422363,-115.05,48.9666666666667
1985,3,"Silene_spaldingii","Eureka",1.17000007629395,12.9399995803833,-115.05,48.9666666666667
1985,4,"Silene_spaldingii","Eureka",7.30499982833862,19.4799995422363,-115.05,48.9666666666667
1985,5,"Silene_spaldingii","Eureka",12.9150009155273,43.939998626709,-115.05,48.9666666666667
1985,6,"Silene_spaldingii","Eureka",14.4650001525879,61.5099983215332,-115.05,48.9666666666667
1985,7,"Silene_spaldingii","Eureka",21.4799995422363,6.6399998664856,-115.05,48.9666666666667
1985,8,"Silene_spaldingii","Eureka",16.875,29.1000003814697,-115.05,48.9666666666667
1985,9,"Silene_spaldingii","Eureka",10.1149997711182,109.129997253418,-115.05,48.9666666666667
1985,10,"Silene_spaldingii","Eureka",4.89499998092651,57.2799987792969,-115.05,48.9666666666667
1985,11,"Silene_spaldingii","Eureka",-8.65999984741211,52.4700012207031,-115.05,48.9666666666667
1985,12,"Silene_spaldingii","Eureka",-7.09000015258789,11.9399995803833,-115.05,48.9666666666667
1986,1,"Silene_spaldingii","Eureka",-2.17500019073486,58.4799995422363,-115.05,48.9666666666667
1986,2,"Silene_spaldingii","Eureka",-4.25499963760376,58.9000015258789,-115.05,48.9666666666667
1986,3,"Silene_spaldingii","Eureka",5.5149998664856,24.4599990844727,-115.05,48.9666666666667
1986,4,"Silene_spaldingii","Eureka",6.80499982833862,27.6100006103516,-115.05,48.9666666666667
1986,5,"Silene_spaldingii","Eureka",11.875,70.879997253418,-115.05,48.9666666666667
1986,6,"Silene_spaldingii","Eureka",17.7950000762939,74.1399993896484,-115.05,48.9666666666667
1986,7,"Silene_spaldingii","Eureka",16.0149993896484,56.0800018310547,-115.05,48.9666666666667
1986,8,"Silene_spaldingii","Eureka",19.5349998474121,20.1200008392334,-115.05,48.9666666666667
1986,9,"Silene_spaldingii","Eureka",10.164999961853,60.9700012207031,-115.05,48.9666666666667
1986,10,"Silene_spaldingii","Eureka",6.84500026702881,14.5699996948242,-115.05,48.9666666666667
1986,11,"Silene_spaldingii","Eureka",-1.03500008583069,58.4799995422363,-115.05,48.9666666666667
1986,12,"Silene_spaldingii","Eureka",-3.45499992370605,10.3000001907349,-115.05,48.9666666666667
1987,1,"Silene_spaldingii","Eureka",-4.36999988555908,15.8400001525879,-115.05,48.9666666666667
1987,2,"Silene_spaldingii","Eureka",-0.715000152587891,26.7600002288818,-115.05,48.9666666666667
1987,3,"Silene_spaldingii","Eureka",2.96999979019165,52.5299987792969,-115.05,48.9666666666667
1987,4,"Silene_spaldingii","Eureka",9.33500003814697,20.8700008392334,-115.05,48.9666666666667
1987,5,"Silene_spaldingii","Eureka",13.2049999237061,47.9199981689453,-115.05,48.9666666666667
1987,6,"Silene_spaldingii","Eureka",17.2000007629395,46.25,-115.05,48.9666666666667
1987,7,"Silene_spaldingii","Eureka",18.6100006103516,98.9599990844727,-115.05,48.9666666666667
1987,8,"Silene_spaldingii","Eureka",16.6749992370605,42.9000015258789,-115.05,48.9666666666667
1987,9,"Silene_spaldingii","Eureka",14.8450002670288,11.460000038147,-115.05,48.9666666666667
1987,10,"Silene_spaldingii","Eureka",6.96500015258789,4.26999998092651,-115.05,48.9666666666667
1987,11,"Silene_spaldingii","Eureka",2.1800000667572,12.9399995803833,-115.05,48.9666666666667
1987,12,"Silene_spaldingii","Eureka",-4.25500011444092,47.0999984741211,-115.05,48.9666666666667
1988,1,"Silene_spaldingii","Eureka",-7.30000019073486,29.8500003814697,-115.05,48.9666666666667
1988,2,"Silene_spaldingii","Eureka",-1.02999997138977,16.3600006103516,-115.05,48.9666666666667
1988,3,"Silene_spaldingii","Eureka",3.65999984741211,33.9500007629395,-115.05,48.9666666666667
1988,4,"Silene_spaldingii","Eureka",8.77499961853027,34.1699981689453,-115.05,48.9666666666667
1988,5,"Silene_spaldingii","Eureka",12.0900001525879,57.6500015258789,-115.05,48.9666666666667
1988,6,"Silene_spaldingii","Eureka",16.8150005340576,48.810001373291,-115.05,48.9666666666667
1988,7,"Silene_spaldingii","Eureka",18.3799991607666,24.7399997711182,-115.05,48.9666666666667
1988,8,"Silene_spaldingii","Eureka",18.3649997711182,12.039999961853,-115.05,48.9666666666667
1988,9,"Silene_spaldingii","Eureka",12.4650001525879,47.4099998474121,-115.05,48.9666666666667
1988,10,"Silene_spaldingii","Eureka",8.41499996185303,24.0900001525879,-115.05,48.9666666666667
1988,11,"Silene_spaldingii","Eureka",1.91499996185303,44.8400001525879,-115.05,48.9666666666667
1988,12,"Silene_spaldingii","Eureka",-4.63000011444092,31.6599998474121,-115.05,48.9666666666667
1989,1,"Silene_spaldingii","Eureka",-4.31500005722046,36.4199981689453,-115.05,48.9666666666667
1989,2,"Silene_spaldingii","Eureka",-9.33500003814697,24.4300003051758,-115.05,48.9666666666667
1989,3,"Silene_spaldingii","Eureka",-0.164999961853027,54.4599990844727,-115.05,48.9666666666667
1989,4,"Silene_spaldingii","Eureka",7.29999971389771,33.3400001525879,-115.05,48.9666666666667
1989,5,"Silene_spaldingii","Eureka",10.9650001525879,68,-115.05,48.9666666666667
1989,6,"Silene_spaldingii","Eureka",16.1649990081787,33.5200004577637,-115.05,48.9666666666667
1989,7,"Silene_spaldingii","Eureka",19.1149997711182,48.9700012207031,-115.05,48.9666666666667
1989,8,"Silene_spaldingii","Eureka",16.6949996948242,118.830001831055,-115.05,48.9666666666667
1989,9,"Silene_spaldingii","Eureka",12.0799999237061,26.2900009155273,-115.05,48.9666666666667
1989,10,"Silene_spaldingii","Eureka",6.28499984741211,34.5900001525879,-115.05,48.9666666666667
1989,11,"Silene_spaldingii","Eureka",1.875,68.8199996948242,-115.05,48.9666666666667
1989,12,"Silene_spaldingii","Eureka",-4.13500022888184,38.9799995422363,-115.05,48.9666666666667
1990,1,"Silene_spaldingii","Eureka",-2.17499995231628,77.0299987792969,-115.05,48.9666666666667
1990,2,"Silene_spaldingii","Eureka",-4.19000005722046,33.2700004577637,-115.05,48.9666666666667
1990,3,"Silene_spaldingii","Eureka",2.03499984741211,23.5499992370605,-115.05,48.9666666666667
1990,4,"Silene_spaldingii","Eureka",7.46499967575073,34.7200012207031,-115.05,48.9666666666667
1990,5,"Silene_spaldingii","Eureka",9.74000072479248,115.25,-115.05,48.9666666666667
1990,6,"Silene_spaldingii","Eureka",14.0900001525879,56.1399993896484,-115.05,48.9666666666667
1990,7,"Silene_spaldingii","Eureka",18.6450004577637,57.8199996948242,-115.05,48.9666666666667
1990,8,"Silene_spaldingii","Eureka",19.0349998474121,48.4199981689453,-115.05,48.9666666666667
1990,9,"Silene_spaldingii","Eureka",15.7550001144409,0.540000021457672,-115.05,48.9666666666667
1990,10,"Silene_spaldingii","Eureka",5.13499975204468,50.6399993896484,-115.05,48.9666666666667
1990,11,"Silene_spaldingii","Eureka",1.99000000953674,64.2900009155273,-115.05,48.9666666666667
1990,12,"Silene_spaldingii","Eureka",-9.19999980926514,45.2999992370605,-115.05,48.9666666666667
1991,1,"Silene_spaldingii","Eureka",-8.47000026702881,49.9099998474121,-115.05,48.9666666666667
1991,2,"Silene_spaldingii","Eureka",2.16499996185303,4.84999990463257,-115.05,48.9666666666667
1991,3,"Silene_spaldingii","Eureka",0.349999904632568,33.5800018310547,-115.05,48.9666666666667
1991,4,"Silene_spaldingii","Eureka",6.5,38.1100006103516,-115.05,48.9666666666667
1991,5,"Silene_spaldingii","Eureka",10.4150009155273,63.5699996948242,-115.05,48.9666666666667
1991,6,"Silene_spaldingii","Eureka",13.3249998092651,94.5500030517578,-115.05,48.9666666666667
1991,7,"Silene_spaldingii","Eureka",18.2150001525879,20.3099994659424,-115.05,48.9666666666667
1991,8,"Silene_spaldingii","Eureka",19.3800010681152,19.4200000762939,-115.05,48.9666666666667
1991,9,"Silene_spaldingii","Eureka",13.7250003814697,14.1199998855591,-115.05,48.9666666666667
1991,10,"Silene_spaldingii","Eureka",5.89500045776367,14.2200002670288,-115.05,48.9666666666667
1991,11,"Silene_spaldingii","Eureka",-0.985000014305115,44.3800010681152,-115.05,48.9666666666667
1991,12,"Silene_spaldingii","Eureka",-2.7649998664856,27.6100006103516,-115.05,48.9666666666667
1992,1,"Silene_spaldingii","Eureka",-2,27.6399993896484,-115.05,48.9666666666667
1992,2,"Silene_spaldingii","Eureka",1.21500015258789,21.7000007629395,-115.05,48.9666666666667
1992,3,"Silene_spaldingii","Eureka",5.09999990463257,14.6199998855591,-115.05,48.9666666666667
1992,4,"Silene_spaldingii","Eureka",8.02499961853027,29.2000007629395,-115.05,48.9666666666667
1992,5,"Silene_spaldingii","Eureka",12.8050003051758,43.6300010681152,-115.05,48.9666666666667
1992,6,"Silene_spaldingii","Eureka",18.1100006103516,76.2600021362305,-115.05,48.9666666666667
1992,7,"Silene_spaldingii","Eureka",16.8999996185303,62.4599990844727,-115.05,48.9666666666667
1992,8,"Silene_spaldingii","Eureka",17.6299991607666,32.0999984741211,-115.05,48.9666666666667
1992,9,"Silene_spaldingii","Eureka",11.5,34.4799995422363,-115.05,48.9666666666667
1992,10,"Silene_spaldingii","Eureka",8.10499954223633,18.2000007629395,-115.05,48.9666666666667
1992,11,"Silene_spaldingii","Eureka",0.409999966621399,32.7299995422363,-115.05,48.9666666666667
1992,12,"Silene_spaldingii","Eureka",-8.27499961853027,51.8600006103516,-115.05,48.9666666666667
1993,1,"Silene_spaldingii","Eureka",-10.4749994277954,30.0599994659424,-115.05,48.9666666666667
1993,2,"Silene_spaldingii","Eureka",-6.71499967575073,18.8799991607666,-115.05,48.9666666666667
1993,3,"Silene_spaldingii","Eureka",2.3899998664856,10.0299997329712,-115.05,48.9666666666667
1993,4,"Silene_spaldingii","Eureka",7.25,48.4099998474121,-115.05,48.9666666666667
1993,5,"Silene_spaldingii","Eureka",14.2849998474121,57.3899993896484,-115.05,48.9666666666667
1993,6,"Silene_spaldingii","Eureka",14.4650001525879,96.5599975585938,-115.05,48.9666666666667
1993,7,"Silene_spaldingii","Eureka",14.4050006866455,146.360000610352,-115.05,48.9666666666667
1993,8,"Silene_spaldingii","Eureka",16.4300003051758,41.2200012207031,-115.05,48.9666666666667
1993,9,"Silene_spaldingii","Eureka",12.2799997329712,48.0900001525879,-115.05,48.9666666666667
1993,10,"Silene_spaldingii","Eureka",7.78499984741211,26.0599994659424,-115.05,48.9666666666667
1993,11,"Silene_spaldingii","Eureka",-4.04999971389771,23.5100002288818,-115.05,48.9666666666667
1993,12,"Silene_spaldingii","Eureka",-3.46499991416931,20.7399997711182,-115.05,48.9666666666667
1994,1,"Silene_spaldingii","Eureka",-0.134999990463257,18.5200004577637,-115.05,48.9666666666667
1994,2,"Silene_spaldingii","Eureka",-5.44000005722046,26.3799991607666,-115.05,48.9666666666667
1994,3,"Silene_spaldingii","Eureka",3.21000003814697,12.3800001144409,-115.05,48.9666666666667
1994,4,"Silene_spaldingii","Eureka",8.17500019073486,23.9599990844727,-115.05,48.9666666666667
1994,5,"Silene_spaldingii","Eureka",12.414999961853,48.7900009155273,-115.05,48.9666666666667
1994,6,"Silene_spaldingii","Eureka",14.5949993133545,54.1699981689453,-115.05,48.9666666666667
1994,7,"Silene_spaldingii","Eureka",20.0699996948242,12.1199998855591,-115.05,48.9666666666667
1994,8,"Silene_spaldingii","Eureka",19.7000007629395,6.96999979019165,-115.05,48.9666666666667
1994,9,"Silene_spaldingii","Eureka",15.0249996185303,5.23000001907349,-115.05,48.9666666666667
1994,10,"Silene_spaldingii","Eureka",6.5,53.9300003051758,-115.05,48.9666666666667
1994,11,"Silene_spaldingii","Eureka",-2.14499998092651,53.6599998474121,-115.05,48.9666666666667
1994,12,"Silene_spaldingii","Eureka",-4.07499980926514,30.0100002288818,-115.05,48.9666666666667
1995,1,"Silene_spaldingii","Eureka",-5.93499994277954,30.9799995422363,-115.05,48.9666666666667
1995,2,"Silene_spaldingii","Eureka",-0.160000085830688,32.2900009155273,-115.05,48.9666666666667
1995,3,"Silene_spaldingii","Eureka",1.14499998092651,33.9300003051758,-115.05,48.9666666666667
1995,4,"Silene_spaldingii","Eureka",6.25500011444092,26.6599998474121,-115.05,48.9666666666667
1995,5,"Silene_spaldingii","Eureka",11.6750001907349,33.1800003051758,-115.05,48.9666666666667
1995,6,"Silene_spaldingii","Eureka",15.1450004577637,145.770004272461,-115.05,48.9666666666667
1995,7,"Silene_spaldingii","Eureka",18.3649997711182,65.7200012207031,-115.05,48.9666666666667
1995,8,"Silene_spaldingii","Eureka",16.1399993896484,34.0900001525879,-115.05,48.9666666666667
1995,9,"Silene_spaldingii","Eureka",14.1749992370605,34.5299987792969,-115.05,48.9666666666667
1995,10,"Silene_spaldingii","Eureka",5.10500001907349,71.6800003051758,-115.05,48.9666666666667
1995,11,"Silene_spaldingii","Eureka",1.42000007629395,58.4700012207031,-115.05,48.9666666666667
1995,12,"Silene_spaldingii","Eureka",-4.39499998092651,55.7700004577637,-115.05,48.9666666666667
1996,1,"Silene_spaldingii","Eureka",-8.23499965667725,57.7700004577637,-115.05,48.9666666666667
1996,2,"Silene_spaldingii","Eureka",-5.1399998664856,55.1199989318848,-115.05,48.9666666666667
1996,3,"Silene_spaldingii","Eureka",-0.950000047683716,20.0900001525879,-115.05,48.9666666666667
1996,4,"Silene_spaldingii","Eureka",6.57499980926514,47.9799995422363,-115.05,48.9666666666667
1996,5,"Silene_spaldingii","Eureka",8.70499992370605,135.779998779297,-115.05,48.9666666666667
1996,6,"Silene_spaldingii","Eureka",14.6499996185303,41.0800018310547,-115.05,48.9666666666667
1996,7,"Silene_spaldingii","Eureka",18.8199996948242,16.0799999237061,-115.05,48.9666666666667
1996,8,"Silene_spaldingii","Eureka",18.0300006866455,25.2299995422363,-115.05,48.9666666666667
1996,9,"Silene_spaldingii","Eureka",11.0600004196167,46.0200004577637,-115.05,48.9666666666667
1996,10,"Silene_spaldingii","Eureka",5.19500017166138,43.4300003051758,-115.05,48.9666666666667
1996,11,"Silene_spaldingii","Eureka",-2.70000004768372,90,-115.05,48.9666666666667
1996,12,"Silene_spaldingii","Eureka",-8.10000038146973,88.9199981689453,-115.05,48.9666666666667
1997,1,"Silene_spaldingii","Eureka",-7.0649995803833,44.1800003051758,-115.05,48.9666666666667
1997,2,"Silene_spaldingii","Eureka",-2.22000002861023,28.9400005340576,-115.05,48.9666666666667
1997,3,"Silene_spaldingii","Eureka",0.705000162124634,52.0400009155273,-115.05,48.9666666666667
1997,4,"Silene_spaldingii","Eureka",3.8199999332428,34.1100006103516,-115.05,48.9666666666667
1997,5,"Silene_spaldingii","Eureka",11.1800003051758,49.5499992370605,-115.05,48.9666666666667
1997,6,"Silene_spaldingii","Eureka",14.6750001907349,73.1800003051758,-115.05,48.9666666666667
1997,7,"Silene_spaldingii","Eureka",17.6949996948242,51.189998626709,-115.05,48.9666666666667
1997,8,"Silene_spaldingii","Eureka",18.4700012207031,26.4500007629395,-115.05,48.9666666666667
1997,9,"Silene_spaldingii","Eureka",13.9799995422363,48.7400016784668,-115.05,48.9666666666667
1997,10,"Silene_spaldingii","Eureka",6.93499994277954,39.0299987792969,-115.05,48.9666666666667
1997,11,"Silene_spaldingii","Eureka",0.110000133514404,20.3799991607666,-115.05,48.9666666666667
1997,12,"Silene_spaldingii","Eureka",-3.39499998092651,10.6000003814697,-115.05,48.9666666666667
1998,1,"Silene_spaldingii","Eureka",-4.42000007629395,41.2299995422363,-115.05,48.9666666666667
1998,2,"Silene_spaldingii","Eureka",0.170000076293945,2.97000002861023,-115.05,48.9666666666667
1998,3,"Silene_spaldingii","Eureka",1.96499991416931,36.9300003051758,-115.05,48.9666666666667
1998,4,"Silene_spaldingii","Eureka",6.78999996185303,33.6699981689453,-115.05,48.9666666666667
1998,5,"Silene_spaldingii","Eureka",12.8299999237061,132.149993896484,-115.05,48.9666666666667
1998,6,"Silene_spaldingii","Eureka",14.3000001907349,97.3499984741211,-115.05,48.9666666666667
1998,7,"Silene_spaldingii","Eureka",21.0349998474121,49.7799987792969,-115.05,48.9666666666667
1998,8,"Silene_spaldingii","Eureka",19.5599994659424,22.3899993896484,-115.05,48.9666666666667
1998,9,"Silene_spaldingii","Eureka",16.8099994659424,26.8899993896484,-115.05,48.9666666666667
1998,10,"Silene_spaldingii","Eureka",6.65000009536743,20.5699996948242,-115.05,48.9666666666667
1998,11,"Silene_spaldingii","Eureka",2.96500015258789,60.1699981689453,-115.05,48.9666666666667
1998,12,"Silene_spaldingii","Eureka",-4.00500011444092,64.2300033569336,-115.05,48.9666666666667
1999,1,"Silene_spaldingii","Eureka",-1.31500005722046,28,-115.05,48.9666666666667
1999,2,"Silene_spaldingii","Eureka",0.400000095367432,43.1199989318848,-115.05,48.9666666666667
1999,3,"Silene_spaldingii","Eureka",3.78500032424927,17.5,-115.05,48.9666666666667
1999,4,"Silene_spaldingii","Eureka",6.19999980926514,8.44999980926514,-115.05,48.9666666666667
1999,5,"Silene_spaldingii","Eureka",10.2799997329712,31.1499996185303,-115.05,48.9666666666667
1999,6,"Silene_spaldingii","Eureka",13.8549995422363,51.7599983215332,-115.05,48.9666666666667
1999,7,"Silene_spaldingii","Eureka",17.0699996948242,53.9300003051758,-115.05,48.9666666666667
1999,8,"Silene_spaldingii","Eureka",19.1599998474121,30.7199993133545,-115.05,48.9666666666667
1999,9,"Silene_spaldingii","Eureka",12.6899995803833,8.47000026702881,-115.05,48.9666666666667
1999,10,"Silene_spaldingii","Eureka",7.17000007629395,38.4300003051758,-115.05,48.9666666666667
1999,11,"Silene_spaldingii","Eureka",3.88000011444092,66.2600021362305,-115.05,48.9666666666667
1999,12,"Silene_spaldingii","Eureka",-1.25,28.8099994659424,-115.05,48.9666666666667
2000,1,"Silene_spaldingii","Eureka",-3.85999989509583,46.3600006103516,-115.05,48.9666666666667
2000,2,"Silene_spaldingii","Eureka",-1.8549998998642,29.6499996185303,-115.05,48.9666666666667
2000,3,"Silene_spaldingii","Eureka",3.45000028610229,22.4200000762939,-115.05,48.9666666666667
2000,4,"Silene_spaldingii","Eureka",7.16499996185303,30.2099990844727,-115.05,48.9666666666667
2000,5,"Silene_spaldingii","Eureka",10.8899993896484,33.4000015258789,-115.05,48.9666666666667
2000,6,"Silene_spaldingii","Eureka",14.6650009155273,47.3400001525879,-115.05,48.9666666666667
2000,7,"Silene_spaldingii","Eureka",18.3199996948242,22.1499996185303,-115.05,48.9666666666667
2000,8,"Silene_spaldingii","Eureka",18.625,16.1000003814697,-115.05,48.9666666666667
2000,9,"Silene_spaldingii","Eureka",12.2150001525879,38.0499992370605,-115.05,48.9666666666667
2000,10,"Silene_spaldingii","Eureka",7.13000011444092,9.72000026702881,-115.05,48.9666666666667
2000,11,"Silene_spaldingii","Eureka",-2.86500024795532,14.2600002288818,-115.05,48.9666666666667
2000,12,"Silene_spaldingii","Eureka",-7.07499980926514,28.3700008392334,-115.05,48.9666666666667
2001,1,"Silene_spaldingii","Eureka",-3.81500005722046,14.8199996948242,-115.05,48.9666666666667
2001,2,"Silene_spaldingii","Eureka",-4.48000001907349,40.189998626709,-115.05,48.9666666666667
2001,3,"Silene_spaldingii","Eureka",2.6399998664856,15.8400001525879,-115.05,48.9666666666667
2001,4,"Silene_spaldingii","Eureka",5.16999959945679,57.0200004577637,-115.05,48.9666666666667
2001,5,"Silene_spaldingii","Eureka",12.3150005340576,23.6700000762939,-115.05,48.9666666666667
2001,6,"Silene_spaldingii","Eureka",13.9200000762939,67.9800033569336,-115.05,48.9666666666667
2001,7,"Silene_spaldingii","Eureka",18.3699989318848,25.0400009155273,-115.05,48.9666666666667
2001,8,"Silene_spaldingii","Eureka",19.3950004577637,6.5,-115.05,48.9666666666667
2001,9,"Silene_spaldingii","Eureka",15.6149997711182,17.7700004577637,-115.05,48.9666666666667
2001,10,"Silene_spaldingii","Eureka",6.36500024795532,40.2799987792969,-115.05,48.9666666666667
2001,11,"Silene_spaldingii","Eureka",3.06500005722046,30.1599998474121,-115.05,48.9666666666667
2001,12,"Silene_spaldingii","Eureka",-3.44999980926514,29.4799995422363,-115.05,48.9666666666667
2002,1,"Silene_spaldingii","Eureka",-3.05999994277954,37.7299995422363,-115.05,48.9666666666667
2002,2,"Silene_spaldingii","Eureka",-2.10500001907349,35.939998626709,-115.05,48.9666666666667
2002,3,"Silene_spaldingii","Eureka",-2.43500018119812,36.6800003051758,-115.05,48.9666666666667
2002,4,"Silene_spaldingii","Eureka",5.79500007629395,22.7800006866455,-115.05,48.9666666666667
2002,5,"Silene_spaldingii","Eureka",9.36499977111816,93.1100006103516,-115.05,48.9666666666667
2002,6,"Silene_spaldingii","Eureka",15.2200002670288,43.4700012207031,-115.05,48.9666666666667
2002,7,"Silene_spaldingii","Eureka",19.9850006103516,23.1900005340576,-115.05,48.9666666666667
2002,8,"Silene_spaldingii","Eureka",16.8999996185303,14.5600004196167,-115.05,48.9666666666667
2002,9,"Silene_spaldingii","Eureka",13.3800001144409,25.8400001525879,-115.05,48.9666666666667
2002,10,"Silene_spaldingii","Eureka",4.00499963760376,3.92000007629395,-115.05,48.9666666666667
2002,11,"Silene_spaldingii","Eureka",0.790000081062317,13.1700000762939,-115.05,48.9666666666667
2002,12,"Silene_spaldingii","Eureka",-2.02499985694885,52.5900001525879,-115.05,48.9666666666667
2003,1,"Silene_spaldingii","Eureka",-2.49000000953674,32.4300003051758,-115.05,48.9666666666667
2003,2,"Silene_spaldingii","Eureka",-2.01000022888184,8.5,-115.05,48.9666666666667
2003,3,"Silene_spaldingii","Eureka",0.789999961853027,60.5299987792969,-115.05,48.9666666666667
2003,4,"Silene_spaldingii","Eureka",6.07999992370605,28.2399997711182,-115.05,48.9666666666667
2003,5,"Silene_spaldingii","Eureka",10.2799997329712,36.8800010681152,-115.05,48.9666666666667
2003,6,"Silene_spaldingii","Eureka",15.9099998474121,53.439998626709,-115.05,48.9666666666667
2003,7,"Silene_spaldingii","Eureka",20.875,1.77999997138977,-115.05,48.9666666666667
2003,8,"Silene_spaldingii","Eureka",20.814998626709,10.8199996948242,-115.05,48.9666666666667
2003,9,"Silene_spaldingii","Eureka",14.0099992752075,31.6200008392334,-115.05,48.9666666666667
2003,10,"Silene_spaldingii","Eureka",8.5600004196167,33.4599990844727,-115.05,48.9666666666667
2003,11,"Silene_spaldingii","Eureka",-2.43499994277954,36.5699996948242,-115.05,48.9666666666667
2003,12,"Silene_spaldingii","Eureka",-3.51500010490417,20.2000007629395,-115.05,48.9666666666667
2004,1,"Silene_spaldingii","Eureka",-5.40999984741211,41.689998626709,-115.05,48.9666666666667
2004,2,"Silene_spaldingii","Eureka",-0.714999914169312,9.93000030517578,-115.05,48.9666666666667
2004,3,"Silene_spaldingii","Eureka",4.48000001907349,11.3199996948242,-115.05,48.9666666666667
2004,4,"Silene_spaldingii","Eureka",8.58500003814697,43.4799995422363,-115.05,48.9666666666667
2004,5,"Silene_spaldingii","Eureka",11.2600002288818,54.3400001525879,-115.05,48.9666666666667
2004,6,"Silene_spaldingii","Eureka",14.9900007247925,39.189998626709,-115.05,48.9666666666667
2004,7,"Silene_spaldingii","Eureka",19.8199996948242,57.5400009155273,-115.05,48.9666666666667
2004,8,"Silene_spaldingii","Eureka",19.3600006103516,104.360000610352,-115.05,48.9666666666667
2004,9,"Silene_spaldingii","Eureka",12.6949996948242,53.5299987792969,-115.05,48.9666666666667
2004,10,"Silene_spaldingii","Eureka",7.23999977111816,37.0200004577637,-115.05,48.9666666666667
2004,11,"Silene_spaldingii","Eureka",1.27499985694885,16.7099990844727,-115.05,48.9666666666667
2004,12,"Silene_spaldingii","Eureka",-0.960000038146973,32.7299995422363,-115.05,48.9666666666667
2005,1,"Silene_spaldingii","Eureka",-5.76999998092651,24.2099990844727,-115.05,48.9666666666667
2005,2,"Silene_spaldingii","Eureka",-0.605000019073486,1.58000004291534,-115.05,48.9666666666667
2005,3,"Silene_spaldingii","Eureka",3.50499963760376,35.7799987792969,-115.05,48.9666666666667
2005,4,"Silene_spaldingii","Eureka",6.97000026702881,12.8000001907349,-115.05,48.9666666666667
2005,5,"Silene_spaldingii","Eureka",11.6049995422363,52.2700004577637,-115.05,48.9666666666667
2005,6,"Silene_spaldingii","Eureka",13.7349996566772,134.399993896484,-115.05,48.9666666666667
2005,7,"Silene_spaldingii","Eureka",18.375,24.1399993896484,-115.05,48.9666666666667
2005,8,"Silene_spaldingii","Eureka",17.9349994659424,30.8899993896484,-115.05,48.9666666666667
2005,9,"Silene_spaldingii","Eureka",11.75,69.6900024414062,-115.05,48.9666666666667
2005,10,"Silene_spaldingii","Eureka",6.9850001335144,35.1100006103516,-115.05,48.9666666666667
2005,11,"Silene_spaldingii","Eureka",0.865000009536743,50.9099998474121,-115.05,48.9666666666667
2005,12,"Silene_spaldingii","Eureka",-6.29499959945679,32.2599983215332,-115.05,48.9666666666667
2006,1,"Silene_spaldingii","Eureka",-0.389999985694885,100.620002746582,-115.05,48.9666666666667
2006,2,"Silene_spaldingii","Eureka",-3.47500014305115,26.3500003814697,-115.05,48.9666666666667
2006,3,"Silene_spaldingii","Eureka",1.61500000953674,22.1100006103516,-115.05,48.9666666666667
2006,4,"Silene_spaldingii","Eureka",7.78499984741211,34.7700004577637,-115.05,48.9666666666667
2006,5,"Silene_spaldingii","Eureka",12.1599998474121,50.25,-115.05,48.9666666666667
2006,6,"Silene_spaldingii","Eureka",16.6149997711182,105.309997558594,-115.05,48.9666666666667
2006,7,"Silene_spaldingii","Eureka",21.5900001525879,22,-115.05,48.9666666666667
2006,8,"Silene_spaldingii","Eureka",18.4599990844727,19.3500003814697,-115.05,48.9666666666667
2006,9,"Silene_spaldingii","Eureka",14.0299997329712,29.9799995422363,-115.05,48.9666666666667
2006,10,"Silene_spaldingii","Eureka",6.92999982833862,19.4799995422363,-115.05,48.9666666666667
2006,11,"Silene_spaldingii","Eureka",-0.114999890327454,92.3199996948242,-115.05,48.9666666666667
2006,12,"Silene_spaldingii","Eureka",-4.19500017166138,34,-115.05,48.9666666666667
2007,1,"Silene_spaldingii","Eureka",-6.09500026702881,24.1700000762939,-115.05,48.9666666666667
2007,2,"Silene_spaldingii","Eureka",-1.36500000953674,35.1800003051758,-115.05,48.9666666666667
2007,3,"Silene_spaldingii","Eureka",5.23000001907349,24.1399993896484,-115.05,48.9666666666667
2007,4,"Silene_spaldingii","Eureka",7.40999984741211,15.1599998474121,-115.05,48.9666666666667
2007,5,"Silene_spaldingii","Eureka",12.039999961853,64.0800018310547,-115.05,48.9666666666667
2007,6,"Silene_spaldingii","Eureka",15.7200002670288,30.75,-115.05,48.9666666666667
2007,7,"Silene_spaldingii","Eureka",22.644998550415,23.1000003814697,-115.05,48.9666666666667
2007,8,"Silene_spaldingii","Eureka",18.0249996185303,5.57000017166138,-115.05,48.9666666666667
2007,9,"Silene_spaldingii","Eureka",13.085000038147,24.5400009155273,-115.05,48.9666666666667
2007,10,"Silene_spaldingii","Eureka",6.92000007629395,37.5,-115.05,48.9666666666667
2007,11,"Silene_spaldingii","Eureka",0.595000028610229,27.9699993133545,-115.05,48.9666666666667
2007,12,"Silene_spaldingii","Eureka",-3.625,46.3400001525879,-115.05,48.9666666666667
2008,1,"Silene_spaldingii","Eureka",-6.14000034332275,61.6100006103516,-115.05,48.9666666666667
2008,2,"Silene_spaldingii","Eureka",0.110000133514404,25.7000007629395,-115.05,48.9666666666667
2008,3,"Silene_spaldingii","Eureka",2.15999984741211,21.3700008392334,-115.05,48.9666666666667
2008,4,"Silene_spaldingii","Eureka",4.46000003814697,14.9499998092651,-115.05,48.9666666666667
2008,5,"Silene_spaldingii","Eureka",11.3550004959106,39.2599983215332,-115.05,48.9666666666667
2008,6,"Silene_spaldingii","Eureka",14.3950004577637,46.6199989318848,-115.05,48.9666666666667
2008,7,"Silene_spaldingii","Eureka",19.4449996948242,25.7399997711182,-115.05,48.9666666666667
2008,8,"Silene_spaldingii","Eureka",18.5699996948242,20.8799991607666,-115.05,48.9666666666667
2008,9,"Silene_spaldingii","Eureka",12.9100008010864,35.9799995422363,-115.05,48.9666666666667
2008,10,"Silene_spaldingii","Eureka",6.78999996185303,16.6900005340576,-115.05,48.9666666666667
2008,11,"Silene_spaldingii","Eureka",3.05999994277954,22.7700004577637,-115.05,48.9666666666667
2008,12,"Silene_spaldingii","Eureka",-7.52499961853027,56.310001373291,-115.05,48.9666666666667
2009,1,"Silene_spaldingii","Eureka",-4.27500009536743,46.0099983215332,-115.05,48.9666666666667
2009,2,"Silene_spaldingii","Eureka",-1.15000009536743,24.1900005340576,-115.05,48.9666666666667
2009,3,"Silene_spaldingii","Eureka",-0.150000095367432,45.2400016784668,-115.05,48.9666666666667
2009,4,"Silene_spaldingii","Eureka",6.49499988555908,28.0100002288818,-115.05,48.9666666666667
2009,5,"Silene_spaldingii","Eureka",11.4799995422363,36.8699989318848,-115.05,48.9666666666667
2009,6,"Silene_spaldingii","Eureka",14.9449996948242,51.0499992370605,-115.05,48.9666666666667
2009,7,"Silene_spaldingii","Eureka",19.4200000762939,63.8199996948242,-115.05,48.9666666666667
2009,8,"Silene_spaldingii","Eureka",18.7800006866455,32.3400001525879,-115.05,48.9666666666667
2009,9,"Silene_spaldingii","Eureka",15.835000038147,9.43000030517578,-115.05,48.9666666666667
2009,10,"Silene_spaldingii","Eureka",3.70999979972839,40.3300018310547,-115.05,48.9666666666667
2009,11,"Silene_spaldingii","Eureka",2.1949999332428,26.2099990844727,-115.05,48.9666666666667
2009,12,"Silene_spaldingii","Eureka",-7.57499980926514,24.2399997711182,-115.05,48.9666666666667
2010,1,"Silene_spaldingii","Eureka",-1.95500016212463,24.4599990844727,-115.05,48.9666666666667
2010,2,"Silene_spaldingii","Eureka",1.63999998569489,6.80999994277954,-115.05,48.9666666666667
2010,3,"Silene_spaldingii","Eureka",4.57499980926514,15.5699996948242,-115.05,48.9666666666667
2010,4,"Silene_spaldingii","Eureka",6.41000032424927,28.0300006866455,-115.05,48.9666666666667
2010,5,"Silene_spaldingii","Eureka",9.6299991607666,48.4900016784668,-115.05,48.9666666666667
2010,6,"Silene_spaldingii","Eureka",14.5749998092651,100.629997253418,-115.05,48.9666666666667
2010,7,"Silene_spaldingii","Eureka",18.0550003051758,28.1000003814697,-115.05,48.9666666666667
2010,8,"Silene_spaldingii","Eureka",17.4850006103516,47.1599998474121,-115.05,48.9666666666667
2010,9,"Silene_spaldingii","Eureka",12.2049999237061,72.3300018310547,-115.05,48.9666666666667
2010,10,"Silene_spaldingii","Eureka",8.13500022888184,18.1599998474121,-115.05,48.9666666666667
2010,11,"Silene_spaldingii","Eureka",-0.985000014305115,54.7000007629395,-115.05,48.9666666666667
2010,12,"Silene_spaldingii","Eureka",-3.86999988555908,49.7900009155273,-115.05,48.9666666666667
2011,1,"Silene_spaldingii","Eureka",-4.00500011444092,58.7799987792969,-115.05,48.9666666666667
2011,2,"Silene_spaldingii","Eureka",-5.13500022888184,32.9199981689453,-115.05,48.9666666666667
2011,3,"Silene_spaldingii","Eureka",2.72000002861023,34.5499992370605,-115.05,48.9666666666667
2011,4,"Silene_spaldingii","Eureka",4.79500007629395,65.1500015258789,-115.05,48.9666666666667
2011,5,"Silene_spaldingii","Eureka",10.25,62.9599990844727,-115.05,48.9666666666667
2011,6,"Silene_spaldingii","Eureka",14.0050001144409,79.6600036621094,-115.05,48.9666666666667
2011,7,"Silene_spaldingii","Eureka",17.6399993896484,42.2599983215332,-115.05,48.9666666666667
2011,8,"Silene_spaldingii","Eureka",19.5900001525879,3.27999997138977,-115.05,48.9666666666667
2011,9,"Silene_spaldingii","Eureka",15.0450000762939,21.8799991607666,-115.05,48.9666666666667
2011,10,"Silene_spaldingii","Eureka",7.10500001907349,60.1699981689453,-115.05,48.9666666666667
2011,11,"Silene_spaldingii","Eureka",0.0199999809265137,38.0900001525879,-115.05,48.9666666666667
2011,12,"Silene_spaldingii","Eureka",-1.86999988555908,25.2299995422363,-115.05,48.9666666666667
2012,1,"Silene_spaldingii","Eureka",-2.92499995231628,35.0299987792969,-115.05,48.9666666666667
2012,2,"Silene_spaldingii","Eureka",-1.37999987602234,10.6800003051758,-115.05,48.9666666666667
2012,3,"Silene_spaldingii","Eureka",2.73499989509583,83.7399978637695,-115.05,48.9666666666667
2012,4,"Silene_spaldingii","Eureka",7.83999967575073,30.2999992370605,-115.05,48.9666666666667
2012,5,"Silene_spaldingii","Eureka",10.625,53.3400001525879,-115.05,48.9666666666667
2012,6,"Silene_spaldingii","Eureka",13.7849998474121,169.630004882812,-115.05,48.9666666666667
2012,7,"Silene_spaldingii","Eureka",20.0100002288818,50.1500015258789,-115.05,48.9666666666667
2012,8,"Silene_spaldingii","Eureka",18.8700008392334,12.4799995422363,-115.05,48.9666666666667
2012,9,"Silene_spaldingii","Eureka",14.6599998474121,15.6800003051758,-115.05,48.9666666666667
2012,10,"Silene_spaldingii","Eureka",6.73000001907349,59.439998626709,-115.05,48.9666666666667
2012,11,"Silene_spaldingii","Eureka",2.8199999332428,71.0899963378906,-115.05,48.9666666666667
2012,12,"Silene_spaldingii","Eureka",-1.24500000476837,58.2700004577637,-115.05,48.9666666666667
2013,1,"Silene_spaldingii","Eureka",-2.42000007629395,15.8900003433228,-115.05,48.9666666666667
2013,2,"Silene_spaldingii","Eureka",1.32500004768372,6.59999990463257,-115.05,48.9666666666667
2013,3,"Silene_spaldingii","Eureka",3.31999969482422,20.9200000762939,-115.05,48.9666666666667
2013,4,"Silene_spaldingii","Eureka",6.25500011444092,54.8300018310547,-115.05,48.9666666666667
2013,5,"Silene_spaldingii","Eureka",12.6149997711182,58.8800010681152,-115.05,48.9666666666667
2013,6,"Silene_spaldingii","Eureka",15.5100002288818,75.7699966430664,-115.05,48.9666666666667
2013,7,"Silene_spaldingii","Eureka",21.2700004577637,0,-115.05,48.9666666666667
2013,8,"Silene_spaldingii","Eureka",20.1749992370605,45.6800003051758,-115.05,48.9666666666667
2013,9,"Silene_spaldingii","Eureka",15.4099998474121,72.4700012207031,-115.05,48.9666666666667
2013,10,"Silene_spaldingii","Eureka",5.38000011444092,17.9599990844727,-115.05,48.9666666666667
2013,11,"Silene_spaldingii","Eureka",0.335000038146973,40.2900009155273,-115.05,48.9666666666667
2013,12,"Silene_spaldingii","Eureka",-4.21500015258789,20.2199993133545,-115.05,48.9666666666667
