core_Authors,core_Year,core_Journal,core_DOI,core_Species,matched,match_basis,paper_Authors,paper_Year,paper_Journal,paper_DOI,paper_Species
Eriksson; Eriksson,2000,J Veg Sci,10.2307/3236803,Plantago media,FALSE,unmatched,NA,NA,NA,NA,NA
Kiviniemi,2002,Plant Ecol,NA,Agrimonia eupatoria,FALSE,unmatched,NA,NA,NA,NA,NA
Satterthwaite; Menges; Quintana-Ascencio,2002,Ecol Appl,10.1890/1051-0761(2002)012[1672:ASBPVI]2.0.CO;2,Eriogonum longifolium gnaphalifolium,FALSE,unmatched,NA,NA,NA,NA,NA
Crone; Lesica,2004,Ecology,10.1890/03-0256,Astragalus scaphoides,FALSE,unmatched,NA,NA,NA,NA,NA
Crone; Marler; Pearson,2009,J Appl Ecol,10.1111/j.1365-2664.2009.01635.x,Balsamorhiza sagittata,FALSE,unmatched,NA,NA,NA,NA,NA
Auestad; Rydgren; Jongejans; Kroon,2010,Biol Cons,10.1016/j.biocon.2009.12.037,Pimpinella saxifraga,FALSE,unmatched,NA,NA,NA,NA,NA
Evju; Halvorsen; Rydgren; Austrheim; Mysterud,2010,Oecologia,10.1007/s00442-010-1637-x,Viola biflora,FALSE,unmatched,NA,NA,NA,NA,NA
Flores-Martinez; Manzanero-Medino; Golubov; Montaña; Mandujano,2010,Plant Ecol,10.1007/s11258-010-9737-6,Mammillaria huitzilopochtli,FALSE,unmatched,NA,NA,NA,NA,NA
Jacquemyns; Brys; Jongejans,2010,Ecology,10.1890/08-2321.1,Orchis purpurea,TRUE,doi+first_author,Jacquemyns; Brys; Jongejans,2010,Ecology,10.1890/08-2321.1,Orchis_purpurea
Law; Salick; Knight,2010,Plant Ecol,10.1007/s11258-010-9761-6,Saussurea medusa,FALSE,unmatched,NA,NA,NA,NA,NA
Plank,2010,MSc thesis,NA,Trillium persistens,FALSE,unmatched,NA,NA,NA,NA,NA
Portela; Bruna; dos Santos,2010,Biodivers Conserv,10.1007/s10531-010-9846-5,Astrocaryum aculeatissimum,FALSE,unmatched,NA,NA,NA,NA,NA
Csergő; Molnár; Garcia,2011,Popul Ecol,10.1007/s10144-010-0249-y,Saponaria bellidifolia,TRUE,doi+first_author,Csergő; Molnár; Garcia,2011,Popul Ecol,10.1007/s10144-010-0249-y,Saponaria_bellidifolia
Lázaro-Zermeño; González-Espinosa; Mendoza; Martinez-Ramos; Quintana-Ascencio,2011,Forest Ecol Manag,10.1016/j.foreco.2010.10.028,Dioon merolae,FALSE,unmatched,NA,NA,NA,NA,NA
Andrello; Bizoux; Barbet-Massin; Gaudeul; Nicolè; Till-Bottraud,2012,Biol Cons,10.1016/j.biocon.2011.12.012,Eryngium alpinum,TRUE,doi+first_author,Andrello; Bizoux; Barbet-Massin; Gaudeul; Nicolè; Till-Bottraud,2012,Biol Cons,10.1016/j.biocon.2011.12.012,Eryngium_alpinum
Ellis,2012,Ecology,10.1890/11-1052.1,Liatris scariosa,TRUE,doi+first_author,Ellis; Ellis; Williams; Lesica; Bell; Bierzychudek; Bowles; Crone; Doak; Ehrlén; Ellis-Adam; McEachern; Ganesan; Latham; Luijten; Kaye; Knight; Menges; Morris; Den Nijs; Oostermeijer; Quintana-Ascencio; Shelly; Stanley; Thorpe; Ticktin; Valverde; Weekley,2012,Ecology,10.1890/11-1052.1,Liatris_scariosa; Cirsium_pitcheri_4
Ellis; Williams; Lesica; Bell; Bierzychudek; Bowles; Crone; Doak; Ehrlén; Ellis-Adam; McEachern; Ganesan; Latham; Luijten; Kaye; Knight; Menges; Morris; Den Nijs; Oostermeijer; Quintana-Ascencio; Shelly; Stanley; Thorpe; Ticktin; Valverde; Weekley,2012,Ecology,10.1890/11-1052.1,Cirsium pitcheri,TRUE,doi+first_author,Ellis; Ellis; Williams; Lesica; Bell; Bierzychudek; Bowles; Crone; Doak; Ehrlén; Ellis-Adam; McEachern; Ganesan; Latham; Luijten; Kaye; Knight; Menges; Morris; Den Nijs; Oostermeijer; Quintana-Ascencio; Shelly; Stanley; Thorpe; Ticktin; Valverde; Weekley,2012,Ecology,10.1890/11-1052.1,Liatris_scariosa; Cirsium_pitcheri_4
Martin; Meinke,2012,Popul Ecol,10.1007/s10144-012-0318-5,Astragalus peckii,FALSE,unmatched,NA,NA,NA,NA,NA
Andrieu; Freville; Besnord; Vaudey; Gauthier; Thompson; Debussche,2013,Popul Ecol,10.1007/s10144-012-0346-1,Paeonia officinalis,FALSE,unmatched,NA,NA,NA,NA,NA
Dias Segura,2013,MSc thesis,NA,Lophophora diffusa,FALSE,unmatched,NA,NA,NA,NA,NA
Dostálek; Münzbergova,2013,Folia Geobot,NA,Dracocephalum austriacum,FALSE,unmatched,NA,NA,NA,NA,NA
López-Mata,2013,Acta Oeco,10.1016/j.actao.2013.02.010,Pinus maximartinezii,FALSE,unmatched,NA,NA,NA,NA,NA
Raghu; Osunkoya; Perrett; Pichancourt,2014,Bas Appl Ecol,10.1016/j.baae.2014.08.006,Lantana camara,FALSE,unmatched,NA,NA,NA,NA,NA
Scanga,2014,Plant Ecol,10.1007/s11258-014-0344-9,Trollius laxus,TRUE,doi+first_author,Scanga,2014,Plant Ecol,10.1007/s11258-014-0344-9,Trollius_laxus_2
Shryock; Esque; Hughes,2014,Am J Bot,10.3732/ajb.1400035,Pediocactus bradyi,FALSE,unmatched,NA,NA,NA,NA,NA
Jolls; Marik; Hamze; Havens,2015,Biol Cons,10.1016/j.biocon.2015.04.006,Cirsium pitcheri,FALSE,unmatched,NA,NA,NA,NA,NA
Lemke; Salguero-Gomez,2015,Popul Ecol,10.1007/s10144-015-0519-9,Trollius europaeus,FALSE,unmatched,NA,NA,NA,NA,NA
Torres; Casas; Vega; Martinez-Ramos; Delgado-Lemus,2015,Econ Bot,10.1007/s12231-014-9295-2,Agave potatorum,FALSE,unmatched,NA,NA,NA,NA,NA
Arroyo-Cosultchi; Golubov; Mandujano,2016,Acta Oecol,10.1016/j.actao.2016.01.006,Neobuxbaumia polylopha,FALSE,unmatched,NA,NA,NA,NA,NA
Aschero; Morris; Vázquez; Alvarez; Villagra,2016,For Ecol Manag,10.1016/j.foreco.2016.03.028,Prosopis flexuosa,FALSE,unmatched,NA,NA,NA,NA,NA
Toledo-Aceves; Hernandez-Apolinar,2016,Acta Oecol,10.1016/j.actao.2016.01.007,Tillandsia butzii,FALSE,unmatched,NA,NA,NA,NA,NA
