Authors,Journal,YearPublication,DOI_ISBN,AdditionalSource,n_spp,n_pop,n_mat
Andrello,PhD thesis,2010,NA,Andrello Dracocephalum austriacum 2012; Andrello Cons Biol 2012b,1,8,8
Auestad; Rydgren; Jongejans; Kroon,Biol Cons,2010,10.1016/j.biocon.2009.12.037,NA,1,4,4
Bermingham,Plant Ecol,2010,10.1007/s11258-010-9762-5,NA,1,4,13
Dangremond; Knight,Ecology,2010,10.1890/09-0418.1,Dangremond et al. ESA 2008 (PDF),1,4,13
Evju; Halvorsen; Rydgren; Austrheim; Mysterud,Oecologia,2010,10.1007/s00442-010-1637-x,NA,1,1,6
Flores-Martinez; Manzanero-Medino; Golubov; Montaña; Mandujano,Plant Ecol,2010,10.1007/s11258-010-9737-6,NA,1,1,6
Gaoue; Ticktin,Cons Biol,2010,10.1111/j.1523-1739.2009.01345.x,Gaoue PhD thesis  2008.pdf,1,7,21
García; Goñi; Guzman,Cons Biol,2010,10.1111/j.1523-1739.2010.01466.x,NA,1,2,17
Jacquemyns; Brys; Jongejans,Ecology,2010,10.1890/08-2321.1,Jacquemyn Ecol 2010 A2.html; Jacquemyn J Ecol 2010,1,7,43
Jongejans; Jorritsma-Wienk; Becker; Dostál; Mildén,J Ecol,2010,10.1111/j.1365-2745.2009.01612.x,NA,1,5,13
Law; Salick; Knight,Plant Ecol,2010,10.1007/s11258-010-9761-6,NA,1,1,1
Loayza; Knight,Ecology,2010,10.1890/09-0480.1,NA,1,4,4
Mayberry; Elle,Oecologia,2010,10.1007/s00442-010-1809-8,NA,1,3,7
Noel; Maurice; Mignot; Glémin; Carbonell; Justy; Guyot; Olivieri; Petit,Cons Genet,2010,10.1007/s10592-010-0056-1,NA,1,5,41
Picard; Mortier; Chagneau,Ecol Model,2010,10.1016/j.ecolmodel.2010.06.010,Picard Ecol Model 2010 (PDF),1,1,1
Plank,MSc thesis,2010,NA,NA,1,4,4
Portela; Bruna; dos Santos,Biodivers Conserv,2010,10.1007/s10531-010-9846-5,NA,1,1,3
Sampaio; Scariot,J Trop Ecol,2010,10.1017/S0266467409990599,Portela Biodiv; Cons 2010 (PDF),1,1,5
Sletvold; Øien; Moen,Biol Cons,2010,10.1016/j.biocon.2009.12.017,Sletvold GCB 2013,1,3,3
Squires,PhD thesis,2010,NA,NA,2,2,2
Sánchez-Velásquez; Pineda-López,Popul Ecol,2010,10.1007/s10144-009-0161-5,NA,1,1,4
Toräng; Ehrlén; Ågren,Oecologia,2010,10.1007/s00442-009-1552-1,Toräng Oecologia 2010 Appendix,1,3,16
Zepeda Martinez,thesis,2010,NA,NA,1,1,1
Bravo Espinoza,PhD thesis,2011,NA,NA,1,1,1
Bullock; White; Prudhomme; Tansey; Perea; Hooftman,J Ecol,2011,10.1111/j.1365-2745.2011.01910.x,NA,1,1,1
Carrillo Angeles,PhD thesis,2011,NA,NA,1,4,4
Csergő; Molnár; Garcia,Popul Ecol,2011,10.1007/s10144-010-0249-y,Csergo Popul Ecol 2011 Stage structure.xls; Csergo Popul Ecol 2011 Transition matrices.xls,1,5,19
Dominguez Lozano; Moreno Saiz; Schwartz,J Nat Cons,2011,10.1016/j.jnc.2011.05.005,Iriondo Book 2009,1,2,10
Evju; Halvorsen; Rydgren; Austrheim; Mysterud,Plant Ecol,2011,10.1007/s11258-011-9906-2,Evju Plant Ecol 2011 Appendix,1,1,18
Ferrer; Duran; Méndez; Dorantes; Dzib,Bol Soc Bot Mex,2011,NA,NA,1,9,33
Jakalaniemi,Env and Exp Bot,2011,10.1016/j.envexpbot.2011.03.013,NA,1,1,1
Lázaro-Zermeño; González-Espinosa; Mendoza; Martinez-Ramos; Quintana-Ascencio,Forest Ecol Manag,2011,10.1016/j.foreco.2010.10.028,NA,1,3,11
Maloney; Vogler; Eckert; Jensen; Neale,Forest Ecol Manag,2011,10.1016/j.foreco.2011.05.011,NA,1,11,11
Navarro; Galeano; Bernal,Trop Cons Sci,2011,NA,Warren PhD thesis 2008,1,1,1
Norghauer; Newbery,Ecol Monog,2011,10.1890/10-2268.1,Norghauer Ecol Monog 2011 Appendix L.htm,2,2,2
Ream,PhD thesis,2011,NA,NA,1,4,27
Tendland,MSc thesis,2011,NA,NA,1,1,2
Thorpe; Stanley; Kayne; Latham,Report,2011,NA,Ellis Ecol 2012; Crone Cons Biol 2013,1,4,28
Álvarez-Yépiz; Dovčiak; Búrquez,Biol Cons,2011,10.1016/j.biocon.2010.08.007,NA,1,1,1
Andrello; Bizoux; Barbet-Massin; Gaudeul; Nicolè; Till-Bottraud,Biol Cons,2012,10.1016/j.biocon.2011.12.012,Andrello Biol Cons 2012.xls; Tymen Independent Project 2008 (PDF),1,8,71
Ellis,Ecology,2012,10.1890/11-1052.1,Crone Cons Biol 2013,1,4,19
Ellis; Williams; Lesica; Bell; Bierzychudek; Bowles; Crone; Doak; Ehrlén; Ellis-Adam; McEachern; Ganesan; Latham; Luijten; Kaye; Knight; Menges; Morris; Den Nijs; Oostermeijer; Quintana-Ascencio; Shelly; Stanley; Thorpe; Ticktin; Valverde; Weekley,Ecology,2012,10.1890/11-1052.1,Bell Book 2003.pdf,2,5,40
Evans; Davis; Raghu; Ragavendran; Landis; Schemske,Ecol Appl,2012,10.1890/11-1291.1,NA,1,13,49
Groenendijk; Eshete; Sterck; Zuidema; Bongers,J Appl Ecol,2012,10.1111/j.1365-2664.2011.02078.x,MSc thesis 2010,1,1,1
Lopez Flores,MSc thesis,2012,NA,NA,1,3,3
Martin; Meinke,Popul Ecol,2012,10.1007/s10144-012-0318-5,NA,1,3,12
Morales-Romero; Godinez-Alvarez; Campo-Alves; Molino-Freaner,J Arid Env,2012,10.1016/j.jaridenv.2011.09.005,NA,1,1,3
Pisanu; Farris; Filigheddu; Begona Garcia,Plant Ecol,2012,10.1007/s11258-012-0110-9,NA,1,4,4
Rodriguez-Perez; Traveset,Oikos,2012,10.1111/j.1600-0706.2011.19946.x,NA,1,6,47
Scanga; Leopold,Biol Cons,2012,10.1016/j.biocon.2012.01.061,Scanga Biol Cons 2012 Appendix.doc; Scanga Plant Ecol 2014,1,1,5
Ticktin; Ganesan; Paramesha; Setty,J Appl Ecol,2012,10.1111/j.1365-2664.2012.02156.x,Ellis Ecol 2012; Crone Cons Biol 2013; Ticktin J Appl Ecol 2014,2,2,8
Wall; Hoffmann; Wentworth; Gray; Hohmann,Plant Ecol,2012,10.1007/s11258-012-0068-7,NA,1,1,1
Wallin; Svensson,Folia Geobot,2012,10.1007/s12224-012-9123-3,NA,1,2,2
Andrieu; Freville; Besnord; Vaudey; Gauthier; Thompson; Debussche,Popul Ecol,2013,10.1007/s10144-012-0346-1,NA,1,3,20
Bell; Powell; Bowles,J Wild Manag,2013,10.1002/jwmg.525,NA,1,1,9
Burns; Pardini; Schutzenhofer; Chung; Seidler; Knight,Ecology,2013,10.1890/12-1310.1,Burns Ecol 2013 – Pers. comm.,8,8,8
Dias Segura,MSc thesis,2013,NA,NA,1,1,3
Dostálek; Münzbergova,Folia Geobot,2013,NA,NA,1,6,24
Gornish,PhD thesis,2013,NA,Gornish AoB Plants Adv Adc 2013,1,1,3
López-Mata,Acta Oeco,2013,10.1016/j.actao.2013.02.010,NA,1,1,1
Maines; Knochel; Seastedt,Ecosphere,2013,10.1890/ES13-00094.1,Maines Master Thesis 2013,1,1,1
Matlaga; Davis,J Appl Ecol,2013,10.1111/1365-2664.12057,Matlaga J Appl Ecol 2013 Appendix,1,1,2
Münzbergová,Plant Biology,2013,10.1111/plb.12007,NA,2,8,26
Münzbergová; Hadincová; Wild; Kindlmannová,PLoS ONE,2013,10.1371/journal.pone.0056953,NA,1,1,4
Osunkoya; Perrett; Fernando; Clark; Raghu,Popul Ecol,2013,10.1007/s10144-013-0364-7,Osunkoya Popul Ecol 2013 Supplementary material.pdf; Raghu Basic Appl Ecol 2014.pdf,1,2,4
Pfingsten,PhD thesis,2013,NA,NA,1,5,45
Putnam,PhD thesis,2013,NA,NA,1,3,3
Sletvold; Dahlgren; Øien; Moen; Ehrlen,Glob Change Biol,2013,10.1111/gcb.12167,NA,1,1,1
Valdes; Garcia; Garcia; Ehrlen,Ecography,2013,10.1111/j.1600-0587.2013.00216.x,NA,1,16,46
Villellas; Morris; Garcia,Ecography,2013,NA,Villellas Ecol 2013,1,12,45
Zepeda-Martinez; Manujano; Mandujano; Golubov,J Arid Env,2013,10.1016/j.jaridenv.2012.08.006,NA,1,1,3
Černá; Münzbergová,PLoS ONE,2013,10.1371/journal.pone.0075563,NA,2,13,31
Prendeville; Tenhumberg; Pilson,New Phyto,2014,10.1111/nph.12730,NA,1,4,4
Raghu; Osunkoya; Perrett; Pichancourt,Bas Appl Ecol,2014,10.1016/j.baae.2014.08.006,NA,1,1,3
Scanga,Plant Ecol,2014,10.1007/s11258-014-0344-9,Scanga PhD thesis 2009,1,8,8
Shefferson; Warren II.; Pulliam,J Ecol,2014,10.1111/1365-2745.12281,NA,1,1,1
Shryock; Esque; Hughes,Am J Bot,2014,10.3732/ajb.1400035,NA,1,5,93
Winter; Jung; Eckstein; Otte; Donath; Kriechbaum,J Appl Ecol,2014,10.1111/1365-2664.12217,NA,1,2,8
Baldauf; Correa; Ferreira; Santos,Forest Ecol Manag,2015,10.1016/j.foreco.2015.06.022,Baldauf Forest Ecol Manag 2015 Appendix,1,2,4
Gibert; Magda; Hazard,PLoS ONE,2015,10.1371/journal.pone.0139919,Gibert; Magda; Hazard Oikos 2013,1,2,2
Haridas; Keeler; Tenhumberg,Ecology,2015,10.1890/13-1984.1,Keeler SW Nat 2011,1,6,33
Jolls; Marik; Hamze; Havens,Biol Cons,2015,10.1016/j.biocon.2015.04.006,NA,1,1,16
Lemke; Salguero-Gomez,Popul Ecol,2015,10.1007/s10144-015-0519-9,NA,1,15,42
Mandujano; Bravo; Verhulst; Carrillo-Angeles; Golubov,Acta Oeco,2015,10.1016/j.actao.2014.12.004,NA,1,1,3
Silva; Mejias; Garcia,Bas Appl Ecol,2015,10.1016/j.baae.2015.02.009,NA,1,1,1
Sletvold; Agren,J Ecol,2015,10.1111/1365-2745.12430,NA,1,2,2
Torres; Casas; Vega; Martinez-Ramos; Delgado-Lemus,Econ Bot,2015,10.1007/s12231-014-9295-2,NA,1,2,2
Arroyo-Cosultchi; Golubov; Mandujano,Acta Oecol,2016,10.1016/j.actao.2016.01.006,NA,1,1,3
Aschero; Morris; Vázquez; Alvarez; Villagra,For Ecol Manag,2016,10.1016/j.foreco.2016.03.028,NA,1,1,1
Lin; Miriti; Goodell,Ecol Evol,2016,10.1002/ece3.2163,NA,1,4,13
Stas; Langbroek; Bitariho; Sheil; Zuidema,Afr J Ecol,2016,10.1111/aje.12309,NA,1,1,1
