"Year","Month","SpeciesAuthor","MatrixPopulation","tmp","ppt","Lon","Lat"
1981,1,"Cirsium_undulatum","Hays",1.10500001907349,6.11999988555908,-99.3,38.8
1981,2,"Cirsium_undulatum","Hays",2.16499996185303,1.17999994754791,-99.3,38.8
1981,3,"Cirsium_undulatum","Hays",7.12000036239624,48.060001373291,-99.3,38.8
1981,4,"Cirsium_undulatum","Hays",16.2749996185303,58.7900009155273,-99.3,38.8
1981,5,"Cirsium_undulatum","Hays",15.1400003433228,158.559997558594,-99.3,38.8
1981,6,"Cirsium_undulatum","Hays",24.2000007629395,42.0200004577637,-99.3,38.8
1981,7,"Cirsium_undulatum","Hays",26.0950012207031,132.289993286133,-99.3,38.8
1981,8,"Cirsium_undulatum","Hays",24.2550010681152,37.4000015258789,-99.3,38.8
1981,9,"Cirsium_undulatum","Hays",20.7450008392334,63.1800003051758,-99.3,38.8
1981,10,"Cirsium_undulatum","Hays",12.8299999237061,21.8799991607666,-99.3,38.8
1981,11,"Cirsium_undulatum","Hays",7.09000015258789,70.1500015258789,-99.3,38.8
1981,12,"Cirsium_undulatum","Hays",0.465000152587891,13.75,-99.3,38.8
1982,1,"Cirsium_undulatum","Hays",-4.71000003814697,11.1800003051758,-99.3,38.8
1982,2,"Cirsium_undulatum","Hays",-2.87000012397766,21.4099998474121,-99.3,38.8
1982,3,"Cirsium_undulatum","Hays",5.30499982833862,71.379997253418,-99.3,38.8
1982,4,"Cirsium_undulatum","Hays",10.8149995803833,27.5900001525879,-99.3,38.8
1982,5,"Cirsium_undulatum","Hays",17.4700012207031,104.830001831055,-99.3,38.8
1982,6,"Cirsium_undulatum","Hays",19.7350006103516,63.2400016784668,-99.3,38.8
1982,7,"Cirsium_undulatum","Hays",26.1350002288818,101.199996948242,-99.3,38.8
1982,8,"Cirsium_undulatum","Hays",25.4099998474121,28.0599994659424,-99.3,38.8
1982,9,"Cirsium_undulatum","Hays",20.4150009155273,21.1900005340576,-99.3,38.8
1982,10,"Cirsium_undulatum","Hays",13.25,26.7199993133545,-99.3,38.8
1982,11,"Cirsium_undulatum","Hays",4.33500003814697,11.1499996185303,-99.3,38.8
1982,12,"Cirsium_undulatum","Hays",1.06499981880188,28.2600002288818,-99.3,38.8
1983,1,"Cirsium_undulatum","Hays",-0.894999980926514,14.25,-99.3,38.8
1983,2,"Cirsium_undulatum","Hays",1.59999990463257,26.7000007629395,-99.3,38.8
1983,3,"Cirsium_undulatum","Hays",4.99000024795532,47.7000007629395,-99.3,38.8
1983,4,"Cirsium_undulatum","Hays",7.9850001335144,36.3400001525879,-99.3,38.8
1983,5,"Cirsium_undulatum","Hays",14.8549995422363,49.7400016784668,-99.3,38.8
1983,6,"Cirsium_undulatum","Hays",21.0599994659424,56.8699989318848,-99.3,38.8
1983,7,"Cirsium_undulatum","Hays",28.1599998474121,9.22000026702881,-99.3,38.8
1983,8,"Cirsium_undulatum","Hays",29.3500003814697,35.9700012207031,-99.3,38.8
1983,9,"Cirsium_undulatum","Hays",21.8250007629395,26.7299995422363,-99.3,38.8
1983,10,"Cirsium_undulatum","Hays",14.0699996948242,46.060001373291,-99.3,38.8
1983,11,"Cirsium_undulatum","Hays",5.99499988555908,46.9199981689453,-99.3,38.8
1983,12,"Cirsium_undulatum","Hays",-9.70499992370605,17.3099994659424,-99.3,38.8
1984,1,"Cirsium_undulatum","Hays",-3.17499971389771,11.0200004577637,-99.3,38.8
1984,2,"Cirsium_undulatum","Hays",4.33500003814697,8.69999980926514,-99.3,38.8
1984,3,"Cirsium_undulatum","Hays",3.09499979019165,83.5500030517578,-99.3,38.8
1984,4,"Cirsium_undulatum","Hays",8.92500019073486,131.520004272461,-99.3,38.8
1984,5,"Cirsium_undulatum","Hays",16.5299987792969,40.0299987792969,-99.3,38.8
1984,6,"Cirsium_undulatum","Hays",23.6749992370605,52.3600006103516,-99.3,38.8
1984,7,"Cirsium_undulatum","Hays",26.3349990844727,26.5599994659424,-99.3,38.8
1984,8,"Cirsium_undulatum","Hays",26.625,50.8800010681152,-99.3,38.8
1984,9,"Cirsium_undulatum","Hays",19.2800006866455,22.6399993896484,-99.3,38.8
1984,10,"Cirsium_undulatum","Hays",11.789999961853,94.870002746582,-99.3,38.8
1984,11,"Cirsium_undulatum","Hays",5.85000038146973,2.60999989509583,-99.3,38.8
1984,12,"Cirsium_undulatum","Hays",0.0300002098083496,59.5400009155273,-99.3,38.8
1985,1,"Cirsium_undulatum","Hays",-5.32500028610229,25.3600006103516,-99.3,38.8
1985,2,"Cirsium_undulatum","Hays",-3.11999988555908,7.76000022888184,-99.3,38.8
1985,3,"Cirsium_undulatum","Hays",7.24000024795532,18.1599998474121,-99.3,38.8
1985,4,"Cirsium_undulatum","Hays",13.9299993515015,79.3899993896484,-99.3,38.8
1985,5,"Cirsium_undulatum","Hays",18.3250007629395,72.379997253418,-99.3,38.8
1985,6,"Cirsium_undulatum","Hays",21.7950000762939,34.1199989318848,-99.3,38.8
1985,7,"Cirsium_undulatum","Hays",26.4349994659424,130.839996337891,-99.3,38.8
1985,8,"Cirsium_undulatum","Hays",23.2950000762939,76.0699996948242,-99.3,38.8
1985,9,"Cirsium_undulatum","Hays",19.2800006866455,78.4499969482422,-99.3,38.8
1985,10,"Cirsium_undulatum","Hays",12.0100002288818,43.4199981689453,-99.3,38.8
1985,11,"Cirsium_undulatum","Hays",0.840000152587891,13.3599996566772,-99.3,38.8
1985,12,"Cirsium_undulatum","Hays",-2.44999980926514,6.6100001335144,-99.3,38.8
1986,1,"Cirsium_undulatum","Hays",3.16000008583069,0,-99.3,38.8
1986,2,"Cirsium_undulatum","Hays",1.6399998664856,4.84000015258789,-99.3,38.8
1986,3,"Cirsium_undulatum","Hays",9.51999950408936,27.3799991607666,-99.3,38.8
1986,4,"Cirsium_undulatum","Hays",13.2300004959106,54.6699981689453,-99.3,38.8
1986,5,"Cirsium_undulatum","Hays",17.7000007629395,52.560001373291,-99.3,38.8
1986,6,"Cirsium_undulatum","Hays",24.4500007629395,114.529998779297,-99.3,38.8
1986,7,"Cirsium_undulatum","Hays",27.2399997711182,70.7099990844727,-99.3,38.8
1986,8,"Cirsium_undulatum","Hays",24.1350002288818,66.0800018310547,-99.3,38.8
1986,9,"Cirsium_undulatum","Hays",21.1849994659424,94.0699996948242,-99.3,38.8
1986,10,"Cirsium_undulatum","Hays",12.6350002288818,54.8899993896484,-99.3,38.8
1986,11,"Cirsium_undulatum","Hays",4.29500007629395,14.3699998855591,-99.3,38.8
1986,12,"Cirsium_undulatum","Hays",1.26999998092651,20.0599994659424,-99.3,38.8
1987,1,"Cirsium_undulatum","Hays",-0.0150001049041748,4.96000003814697,-99.3,38.8
1987,2,"Cirsium_undulatum","Hays",4.24499988555908,31.2700004577637,-99.3,38.8
1987,3,"Cirsium_undulatum","Hays",5.34000015258789,167.509994506836,-99.3,38.8
1987,4,"Cirsium_undulatum","Hays",12.1900005340576,84.0199966430664,-99.3,38.8
1987,5,"Cirsium_undulatum","Hays",18.9850006103516,73.9100036621094,-99.3,38.8
1987,6,"Cirsium_undulatum","Hays",23.8999996185303,95.6800003051758,-99.3,38.8
1987,7,"Cirsium_undulatum","Hays",25.6749992370605,58.7299995422363,-99.3,38.8
1987,8,"Cirsium_undulatum","Hays",24.2750015258789,109.410003662109,-99.3,38.8
1987,9,"Cirsium_undulatum","Hays",20.1800003051758,13.5600004196167,-99.3,38.8
1987,10,"Cirsium_undulatum","Hays",11.8650007247925,23.9799995422363,-99.3,38.8
1987,11,"Cirsium_undulatum","Hays",7.05000019073486,19.5599994659424,-99.3,38.8
1987,12,"Cirsium_undulatum","Hays",0.454999923706055,7.92999982833862,-99.3,38.8
1988,1,"Cirsium_undulatum","Hays",-4.28999996185303,16.5300006866455,-99.3,38.8
1988,2,"Cirsium_undulatum","Hays",-0.275000095367432,6.94999980926514,-99.3,38.8
1988,3,"Cirsium_undulatum","Hays",5.84000015258789,7.42999982833862,-99.3,38.8
1988,4,"Cirsium_undulatum","Hays",10.9200000762939,48.310001373291,-99.3,38.8
1988,5,"Cirsium_undulatum","Hays",19.2200012207031,29,-99.3,38.8
1988,6,"Cirsium_undulatum","Hays",26.2799987792969,24.1900005340576,-99.3,38.8
1988,7,"Cirsium_undulatum","Hays",25.8599987030029,95.0800018310547,-99.3,38.8
1988,8,"Cirsium_undulatum","Hays",26.4050006866455,40.3600006103516,-99.3,38.8
1988,9,"Cirsium_undulatum","Hays",20.0799999237061,59.3600006103516,-99.3,38.8
1988,10,"Cirsium_undulatum","Hays",11.9950008392334,7.94000005722046,-99.3,38.8
1988,11,"Cirsium_undulatum","Hays",6.51500034332275,12.3900003433228,-99.3,38.8
1988,12,"Cirsium_undulatum","Hays",2.32500004768372,4.46999979019165,-99.3,38.8
1989,1,"Cirsium_undulatum","Hays",1.6949999332428,3.16000008583069,-99.3,38.8
1989,2,"Cirsium_undulatum","Hays",-4.42000007629395,7.09999990463257,-99.3,38.8
1989,3,"Cirsium_undulatum","Hays",5.65000009536743,16.3199996948242,-99.3,38.8
1989,4,"Cirsium_undulatum","Hays",14.3599996566772,4.40999984741211,-99.3,38.8
1989,5,"Cirsium_undulatum","Hays",17.9850006103516,60.7099990844727,-99.3,38.8
1989,6,"Cirsium_undulatum","Hays",20.3600006103516,119.129997253418,-99.3,38.8
1989,7,"Cirsium_undulatum","Hays",25.2649993896484,91.9499969482422,-99.3,38.8
1989,8,"Cirsium_undulatum","Hays",24.2749996185303,41.7299995422363,-99.3,38.8
1989,9,"Cirsium_undulatum","Hays",18.6049995422363,81.6600036621094,-99.3,38.8
1989,10,"Cirsium_undulatum","Hays",14.2200002670288,28.0599994659424,-99.3,38.8
1989,11,"Cirsium_undulatum","Hays",6.03999996185303,0,-99.3,38.8
1989,12,"Cirsium_undulatum","Hays",-2.86499977111816,2.69000005722046,-99.3,38.8
1990,1,"Cirsium_undulatum","Hays",0.974999904632568,22.1200008392334,-99.3,38.8
1990,2,"Cirsium_undulatum","Hays",1.82999992370605,9.51000022888184,-99.3,38.8
1990,3,"Cirsium_undulatum","Hays",7.36999988555908,59.9700012207031,-99.3,38.8
1990,4,"Cirsium_undulatum","Hays",11.335000038147,99.5299987792969,-99.3,38.8
1990,5,"Cirsium_undulatum","Hays",15.2799997329712,108.269996643066,-99.3,38.8
1990,6,"Cirsium_undulatum","Hays",25.1999988555908,50.7799987792969,-99.3,38.8
1990,7,"Cirsium_undulatum","Hays",25.7299995422363,91.8000030517578,-99.3,38.8
1990,8,"Cirsium_undulatum","Hays",25.1550006866455,98.1399993896484,-99.3,38.8
1990,9,"Cirsium_undulatum","Hays",22.6299991607666,42.060001373291,-99.3,38.8
1990,10,"Cirsium_undulatum","Hays",13.3800001144409,10.2799997329712,-99.3,38.8
1990,11,"Cirsium_undulatum","Hays",8.64000034332275,17.4699993133545,-99.3,38.8
1990,12,"Cirsium_undulatum","Hays",-2.87000012397766,8.71000003814697,-99.3,38.8
1991,1,"Cirsium_undulatum","Hays",-3.36500024795532,3.19000005722046,-99.3,38.8
1991,2,"Cirsium_undulatum","Hays",5.01000022888184,0,-99.3,38.8
1991,3,"Cirsium_undulatum","Hays",7.36500024795532,39.5,-99.3,38.8
1991,4,"Cirsium_undulatum","Hays",12.8999996185303,39.5499992370605,-99.3,38.8
1991,5,"Cirsium_undulatum","Hays",19.0400009155273,106.559997558594,-99.3,38.8
1991,6,"Cirsium_undulatum","Hays",25.2099990844727,16.3299999237061,-99.3,38.8
1991,7,"Cirsium_undulatum","Hays",27.7049999237061,38.1199989318848,-99.3,38.8
1991,8,"Cirsium_undulatum","Hays",25.1399993896484,66.1100006103516,-99.3,38.8
1991,9,"Cirsium_undulatum","Hays",20.935001373291,13.1599998474121,-99.3,38.8
1991,10,"Cirsium_undulatum","Hays",13.4250001907349,15.3699998855591,-99.3,38.8
1991,11,"Cirsium_undulatum","Hays",1.76500010490417,29.1800003051758,-99.3,38.8
1991,12,"Cirsium_undulatum","Hays",2.32999992370605,40.5900001525879,-99.3,38.8
1992,1,"Cirsium_undulatum","Hays",2.66499996185303,29.6800003051758,-99.3,38.8
1992,2,"Cirsium_undulatum","Hays",5.1399998664856,29.1399993896484,-99.3,38.8
1992,3,"Cirsium_undulatum","Hays",8.52499961853027,38.6500015258789,-99.3,38.8
1992,4,"Cirsium_undulatum","Hays",12.3999996185303,6.76999998092651,-99.3,38.8
1992,5,"Cirsium_undulatum","Hays",17.1499996185303,94.129997253418,-99.3,38.8
1992,6,"Cirsium_undulatum","Hays",20.3349990844727,149.729995727539,-99.3,38.8
1992,7,"Cirsium_undulatum","Hays",24.0900001525879,126.639999389648,-99.3,38.8
1992,8,"Cirsium_undulatum","Hays",21.5200004577637,109.690002441406,-99.3,38.8
1992,9,"Cirsium_undulatum","Hays",20.3700008392334,31.8899993896484,-99.3,38.8
1992,10,"Cirsium_undulatum","Hays",13.4449996948242,50.1699981689453,-99.3,38.8
1992,11,"Cirsium_undulatum","Hays",2.55499982833862,49.8699989318848,-99.3,38.8
1992,12,"Cirsium_undulatum","Hays",-3.03000020980835,28.1299991607666,-99.3,38.8
1993,1,"Cirsium_undulatum","Hays",-5.48999977111816,29.1200008392334,-99.3,38.8
1993,2,"Cirsium_undulatum","Hays",-4.04500007629395,61.9000015258789,-99.3,38.8
1993,3,"Cirsium_undulatum","Hays",4.24499988555908,52.9199981689453,-99.3,38.8
1993,4,"Cirsium_undulatum","Hays",9.92499923706055,28.8400001525879,-99.3,38.8
1993,5,"Cirsium_undulatum","Hays",16.9200000762939,98.4000015258789,-99.3,38.8
1993,6,"Cirsium_undulatum","Hays",21.9899997711182,118.160003662109,-99.3,38.8
1993,7,"Cirsium_undulatum","Hays",25.1450004577637,290.589996337891,-99.3,38.8
1993,8,"Cirsium_undulatum","Hays",24.6450004577637,137.600006103516,-99.3,38.8
1993,9,"Cirsium_undulatum","Hays",17.6000003814697,59.2299995422363,-99.3,38.8
1993,10,"Cirsium_undulatum","Hays",12.1000003814697,16.1499996185303,-99.3,38.8
1993,11,"Cirsium_undulatum","Hays",3.10000014305115,12.3999996185303,-99.3,38.8
1993,12,"Cirsium_undulatum","Hays",1.87999987602234,28.5699996948242,-99.3,38.8
1994,1,"Cirsium_undulatum","Hays",-1.9300000667572,16.1499996185303,-99.3,38.8
1994,2,"Cirsium_undulatum","Hays",-2.3899998664856,13.6599998474121,-99.3,38.8
1994,3,"Cirsium_undulatum","Hays",8.44999980926514,1.85000002384186,-99.3,38.8
1994,4,"Cirsium_undulatum","Hays",11.125,73.25,-99.3,38.8
1994,5,"Cirsium_undulatum","Hays",18.3899993896484,23.2199993133545,-99.3,38.8
1994,6,"Cirsium_undulatum","Hays",25.4850006103516,30.0900001525879,-99.3,38.8
1994,7,"Cirsium_undulatum","Hays",24.4099998474121,152.220001220703,-99.3,38.8
1994,8,"Cirsium_undulatum","Hays",25.6800003051758,14.5900001525879,-99.3,38.8
1994,9,"Cirsium_undulatum","Hays",20.4799995422363,16.1599998474121,-99.3,38.8
1994,10,"Cirsium_undulatum","Hays",14.3800001144409,24.5799999237061,-99.3,38.8
1994,11,"Cirsium_undulatum","Hays",6.34500026702881,44.6399993896484,-99.3,38.8
1994,12,"Cirsium_undulatum","Hays",2.06000018119812,24.3999996185303,-99.3,38.8
1995,1,"Cirsium_undulatum","Hays",-1.03999996185303,34.8499984741211,-99.3,38.8
1995,2,"Cirsium_undulatum","Hays",4.05000019073486,3.55999994277954,-99.3,38.8
1995,3,"Cirsium_undulatum","Hays",5.23499965667725,27.5,-99.3,38.8
1995,4,"Cirsium_undulatum","Hays",9.48499965667725,37.5200004577637,-99.3,38.8
1995,5,"Cirsium_undulatum","Hays",13.4500007629395,224.949996948242,-99.3,38.8
1995,6,"Cirsium_undulatum","Hays",21.2099990844727,63.1800003051758,-99.3,38.8
1995,7,"Cirsium_undulatum","Hays",25.9449996948242,29.9899997711182,-99.3,38.8
1995,8,"Cirsium_undulatum","Hays",27.6100006103516,32.2200012207031,-99.3,38.8
1995,9,"Cirsium_undulatum","Hays",19.2999992370605,37.6500015258789,-99.3,38.8
1995,10,"Cirsium_undulatum","Hays",13.1199998855591,4.51999998092651,-99.3,38.8
1995,11,"Cirsium_undulatum","Hays",5.31999969482422,5.07999992370605,-99.3,38.8
1995,12,"Cirsium_undulatum","Hays",-0.0550000667572021,8.48999977111816,-99.3,38.8
1996,1,"Cirsium_undulatum","Hays",-3.93499994277954,8.39999961853027,-99.3,38.8
1996,2,"Cirsium_undulatum","Hays",2.10500001907349,2.00999999046326,-99.3,38.8
1996,3,"Cirsium_undulatum","Hays",2.25500011444092,29.6900005340576,-99.3,38.8
1996,4,"Cirsium_undulatum","Hays",12.2049999237061,18.6100006103516,-99.3,38.8
1996,5,"Cirsium_undulatum","Hays",17.8350009918213,164.919998168945,-99.3,38.8
1996,6,"Cirsium_undulatum","Hays",23.5450000762939,102.769996643066,-99.3,38.8
1996,7,"Cirsium_undulatum","Hays",24.8549995422363,109.319999694824,-99.3,38.8
1996,8,"Cirsium_undulatum","Hays",23.2549991607666,120.910003662109,-99.3,38.8
1996,9,"Cirsium_undulatum","Hays",18.2299995422363,75.7699966430664,-99.3,38.8
1996,10,"Cirsium_undulatum","Hays",13.1299991607666,21.9500007629395,-99.3,38.8
1996,11,"Cirsium_undulatum","Hays",3.08500003814697,90.1500015258789,-99.3,38.8
1996,12,"Cirsium_undulatum","Hays",-0.575000047683716,0.340000003576279,-99.3,38.8
1997,1,"Cirsium_undulatum","Hays",-2.42000007629395,0,-99.3,38.8
1997,2,"Cirsium_undulatum","Hays",0.470000028610229,17.5499992370605,-99.3,38.8
1997,3,"Cirsium_undulatum","Hays",7.27499961853027,0,-99.3,38.8
1997,4,"Cirsium_undulatum","Hays",8.14000034332275,60.0499992370605,-99.3,38.8
1997,5,"Cirsium_undulatum","Hays",15.3599996566772,43.439998626709,-99.3,38.8
1997,6,"Cirsium_undulatum","Hays",22.5049991607666,110.620002746582,-99.3,38.8
1997,7,"Cirsium_undulatum","Hays",25.5400009155273,79.3499984741211,-99.3,38.8
1997,8,"Cirsium_undulatum","Hays",23.7700004577637,137.649993896484,-99.3,38.8
1997,9,"Cirsium_undulatum","Hays",21.1199989318848,46.7700004577637,-99.3,38.8
1997,10,"Cirsium_undulatum","Hays",13.8899993896484,61.5499992370605,-99.3,38.8
1997,11,"Cirsium_undulatum","Hays",4.36999988555908,4.17999982833862,-99.3,38.8
1997,12,"Cirsium_undulatum","Hays",-0.519999980926514,37.5,-99.3,38.8
1998,1,"Cirsium_undulatum","Hays",-0.495000123977661,1.92999994754791,-99.3,38.8
1998,2,"Cirsium_undulatum","Hays",3.38000011444092,41.7000007629395,-99.3,38.8
1998,3,"Cirsium_undulatum","Hays",2.01500010490417,43.7400016784668,-99.3,38.8
1998,4,"Cirsium_undulatum","Hays",10.2849998474121,77.4300003051758,-99.3,38.8
1998,5,"Cirsium_undulatum","Hays",19.3500003814697,50.2099990844727,-99.3,38.8
1998,6,"Cirsium_undulatum","Hays",23.2750015258789,42.6100006103516,-99.3,38.8
1998,7,"Cirsium_undulatum","Hays",26.6349983215332,171.509994506836,-99.3,38.8
1998,8,"Cirsium_undulatum","Hays",25.3950004577637,59.1500015258789,-99.3,38.8
1998,9,"Cirsium_undulatum","Hays",23.314998626709,28.1200008392334,-99.3,38.8
1998,10,"Cirsium_undulatum","Hays",14.4650001525879,29.8500003814697,-99.3,38.8
1998,11,"Cirsium_undulatum","Hays",7.5,77.5800018310547,-99.3,38.8
1998,12,"Cirsium_undulatum","Hays",0.825000047683716,3.57999992370605,-99.3,38.8
1999,1,"Cirsium_undulatum","Hays",-0.640000104904175,25.2099990844727,-99.3,38.8
1999,2,"Cirsium_undulatum","Hays",5.03499984741211,0.810000002384186,-99.3,38.8
1999,3,"Cirsium_undulatum","Hays",4.75500011444092,37.3899993896484,-99.3,38.8
1999,4,"Cirsium_undulatum","Hays",10.8149995803833,71.2099990844727,-99.3,38.8
1999,5,"Cirsium_undulatum","Hays",17.0499992370605,51.3699989318848,-99.3,38.8
1999,6,"Cirsium_undulatum","Hays",21.1350002288818,100.23999786377,-99.3,38.8
1999,7,"Cirsium_undulatum","Hays",27.0200004577637,88.9700012207031,-99.3,38.8
1999,8,"Cirsium_undulatum","Hays",25.0799999237061,124.559997558594,-99.3,38.8
1999,9,"Cirsium_undulatum","Hays",18.5400009155273,44.0900001525879,-99.3,38.8
1999,10,"Cirsium_undulatum","Hays",13.1100006103516,1.75,-99.3,38.8
1999,11,"Cirsium_undulatum","Hays",9.26999950408936,4.38000011444092,-99.3,38.8
1999,12,"Cirsium_undulatum","Hays",2.14499998092651,3.11999988555908,-99.3,38.8
2000,1,"Cirsium_undulatum","Hays",-0.5,8.59000015258789,-99.3,38.8
2000,2,"Cirsium_undulatum","Hays",3.875,20.1299991607666,-99.3,38.8
2000,3,"Cirsium_undulatum","Hays",6.74499988555908,107.150001525879,-99.3,38.8
2000,4,"Cirsium_undulatum","Hays",11.1449995040894,39.5099983215332,-99.3,38.8
2000,5,"Cirsium_undulatum","Hays",18.7049999237061,69.8899993896484,-99.3,38.8
2000,6,"Cirsium_undulatum","Hays",22.6149997711182,45.5800018310547,-99.3,38.8
2000,7,"Cirsium_undulatum","Hays",26.0149993896484,154.679992675781,-99.3,38.8
2000,8,"Cirsium_undulatum","Hays",27.9550018310547,6.05000019073486,-99.3,38.8
2000,9,"Cirsium_undulatum","Hays",21.5050010681152,15.2299995422363,-99.3,38.8
2000,10,"Cirsium_undulatum","Hays",14.7799997329712,63.7099990844727,-99.3,38.8
2000,11,"Cirsium_undulatum","Hays",2.08500003814697,27.4300003051758,-99.3,38.8
2000,12,"Cirsium_undulatum","Hays",-4.00500011444092,3.4300000667572,-99.3,38.8
2001,1,"Cirsium_undulatum","Hays",-0.625,25.6100006103516,-99.3,38.8
2001,2,"Cirsium_undulatum","Hays",-3.08999967575073,40.4700012207031,-99.3,38.8
2001,3,"Cirsium_undulatum","Hays",4.3600001335144,26.5200004577637,-99.3,38.8
2001,4,"Cirsium_undulatum","Hays",13.6800003051758,45.5999984741211,-99.3,38.8
2001,5,"Cirsium_undulatum","Hays",17.6399993896484,165.100006103516,-99.3,38.8
2001,6,"Cirsium_undulatum","Hays",22.0499992370605,73.4400024414062,-99.3,38.8
2001,7,"Cirsium_undulatum","Hays",28.5999984741211,104.290000915527,-99.3,38.8
2001,8,"Cirsium_undulatum","Hays",26.0099983215332,39.6399993896484,-99.3,38.8
2001,9,"Cirsium_undulatum","Hays",19.8299999237061,129.970001220703,-99.3,38.8
2001,10,"Cirsium_undulatum","Hays",12.5849990844727,19.7199993133545,-99.3,38.8
2001,11,"Cirsium_undulatum","Hays",8.77999973297119,8.65999984741211,-99.3,38.8
2001,12,"Cirsium_undulatum","Hays",1.92500019073486,1.29999995231628,-99.3,38.8
2002,1,"Cirsium_undulatum","Hays",0.164999961853027,15.6999998092651,-99.3,38.8
2002,2,"Cirsium_undulatum","Hays",0.56499981880188,5.8899998664856,-99.3,38.8
2002,3,"Cirsium_undulatum","Hays",2.30499982833862,8.67000007629395,-99.3,38.8
2002,4,"Cirsium_undulatum","Hays",12.5400009155273,48.9799995422363,-99.3,38.8
2002,5,"Cirsium_undulatum","Hays",16.1300010681152,56.2299995422363,-99.3,38.8
2002,6,"Cirsium_undulatum","Hays",25.6300010681152,53.2200012207031,-99.3,38.8
2002,7,"Cirsium_undulatum","Hays",27.2049980163574,64.3399963378906,-99.3,38.8
2002,8,"Cirsium_undulatum","Hays",25.2849998474121,91.0699996948242,-99.3,38.8
2002,9,"Cirsium_undulatum","Hays",20.75,17.0200004577637,-99.3,38.8
2002,10,"Cirsium_undulatum","Hays",9.46500015258789,82.6900024414062,-99.3,38.8
2002,11,"Cirsium_undulatum","Hays",5.22499990463257,1.9099999666214,-99.3,38.8
2002,12,"Cirsium_undulatum","Hays",1.42999982833862,1.37000000476837,-99.3,38.8
2003,1,"Cirsium_undulatum","Hays",-0.485000133514404,0,-99.3,38.8
2003,2,"Cirsium_undulatum","Hays",-1.48000001907349,12.0600004196167,-99.3,38.8
2003,3,"Cirsium_undulatum","Hays",5.50500011444092,64.6399993896484,-99.3,38.8
2003,4,"Cirsium_undulatum","Hays",12.4050006866455,92.25,-99.3,38.8
2003,5,"Cirsium_undulatum","Hays",16.1199989318848,78.3600006103516,-99.3,38.8
2003,6,"Cirsium_undulatum","Hays",21.0849990844727,103.139999389648,-99.3,38.8
2003,7,"Cirsium_undulatum","Hays",28.0149993896484,0.689999997615814,-99.3,38.8
2003,8,"Cirsium_undulatum","Hays",26.5699996948242,85.4700012207031,-99.3,38.8
2003,9,"Cirsium_undulatum","Hays",18.3549995422363,122.139999389648,-99.3,38.8
2003,10,"Cirsium_undulatum","Hays",14.125,7.61999988555908,-99.3,38.8
2003,11,"Cirsium_undulatum","Hays",4.42000007629395,3.76999998092651,-99.3,38.8
2003,12,"Cirsium_undulatum","Hays",0.820000171661377,11.9200000762939,-99.3,38.8
2004,1,"Cirsium_undulatum","Hays",-2.23000001907349,7.36999988555908,-99.3,38.8
2004,2,"Cirsium_undulatum","Hays",-1.64999985694885,14.0100002288818,-99.3,38.8
2004,3,"Cirsium_undulatum","Hays",8.875,62.9799995422363,-99.3,38.8
2004,4,"Cirsium_undulatum","Hays",11.8200006484985,41.9300003051758,-99.3,38.8
2004,5,"Cirsium_undulatum","Hays",19.125,41.3300018310547,-99.3,38.8
2004,6,"Cirsium_undulatum","Hays",21.7399997711182,118.970001220703,-99.3,38.8
2004,7,"Cirsium_undulatum","Hays",24.0200004577637,171.059997558594,-99.3,38.8
2004,8,"Cirsium_undulatum","Hays",22.3700008392334,46.5200004577637,-99.3,38.8
2004,9,"Cirsium_undulatum","Hays",21.5900001525879,66.8199996948242,-99.3,38.8
2004,10,"Cirsium_undulatum","Hays",13.5649995803833,48.6800003051758,-99.3,38.8
2004,11,"Cirsium_undulatum","Hays",5.73999977111816,18.1599998474121,-99.3,38.8
2004,12,"Cirsium_undulatum","Hays",1.13000011444092,2.22000002861023,-99.3,38.8
2005,1,"Cirsium_undulatum","Hays",-2.84499979019165,30.5900001525879,-99.3,38.8
2005,2,"Cirsium_undulatum","Hays",3.30999994277954,47.560001373291,-99.3,38.8
2005,3,"Cirsium_undulatum","Hays",6.1899995803833,64.4800033569336,-99.3,38.8
2005,4,"Cirsium_undulatum","Hays",11.8250007629395,60.310001373291,-99.3,38.8
2005,5,"Cirsium_undulatum","Hays",17.5249996185303,32.189998626709,-99.3,38.8
2005,6,"Cirsium_undulatum","Hays",23.7749996185303,83.6800003051758,-99.3,38.8
2005,7,"Cirsium_undulatum","Hays",26.2099990844727,51.060001373291,-99.3,38.8
2005,8,"Cirsium_undulatum","Hays",25.0699996948242,84.7300033569336,-99.3,38.8
2005,9,"Cirsium_undulatum","Hays",22.2449989318848,49.4300003051758,-99.3,38.8
2005,10,"Cirsium_undulatum","Hays",13.710000038147,51.7700004577637,-99.3,38.8
2005,11,"Cirsium_undulatum","Hays",7.27500009536743,18.3899993896484,-99.3,38.8
2005,12,"Cirsium_undulatum","Hays",-1.47000002861023,9.4399995803833,-99.3,38.8
2006,1,"Cirsium_undulatum","Hays",4.40499973297119,1.29999995231628,-99.3,38.8
2006,2,"Cirsium_undulatum","Hays",0.335000038146973,0,-99.3,38.8
2006,3,"Cirsium_undulatum","Hays",6.72499990463257,39.2700004577637,-99.3,38.8
2006,4,"Cirsium_undulatum","Hays",14.5900001525879,38.6500015258789,-99.3,38.8
2006,5,"Cirsium_undulatum","Hays",18.6000003814697,34.6100006103516,-99.3,38.8
2006,6,"Cirsium_undulatum","Hays",24.6300010681152,86.4599990844727,-99.3,38.8
2006,7,"Cirsium_undulatum","Hays",27.7750015258789,19.5200004577637,-99.3,38.8
2006,8,"Cirsium_undulatum","Hays",25.4300003051758,108.660003662109,-99.3,38.8
2006,9,"Cirsium_undulatum","Hays",17.5550003051758,79.9800033569336,-99.3,38.8
2006,10,"Cirsium_undulatum","Hays",12.414999961853,35.189998626709,-99.3,38.8
2006,11,"Cirsium_undulatum","Hays",5.97999954223633,7.44999980926514,-99.3,38.8
2006,12,"Cirsium_undulatum","Hays",1.51500010490417,79.0400009155273,-99.3,38.8
2007,1,"Cirsium_undulatum","Hays",-3.17000007629395,13.2700004577637,-99.3,38.8
2007,2,"Cirsium_undulatum","Hays",-1.18499994277954,28.7199993133545,-99.3,38.8
2007,3,"Cirsium_undulatum","Hays",10.3800001144409,100.540000915527,-99.3,38.8
2007,4,"Cirsium_undulatum","Hays",9.84499931335449,46,-99.3,38.8
2007,5,"Cirsium_undulatum","Hays",18.4549999237061,133.850006103516,-99.3,38.8
2007,6,"Cirsium_undulatum","Hays",22.1000003814697,83.6699981689453,-99.3,38.8
2007,7,"Cirsium_undulatum","Hays",25.4099998474121,162,-99.3,38.8
2007,8,"Cirsium_undulatum","Hays",27.3199996948242,90.7200012207031,-99.3,38.8
2007,9,"Cirsium_undulatum","Hays",21.310001373291,52.3499984741211,-99.3,38.8
2007,10,"Cirsium_undulatum","Hays",14.5700006484985,48.7900009155273,-99.3,38.8
2007,11,"Cirsium_undulatum","Hays",5.97000026702881,5.17000007629395,-99.3,38.8
2007,12,"Cirsium_undulatum","Hays",-2.72500038146973,57.5400009155273,-99.3,38.8
2008,1,"Cirsium_undulatum","Hays",-2.35999989509583,16.7999992370605,-99.3,38.8
2008,2,"Cirsium_undulatum","Hays",-0.529999971389771,39.310001373291,-99.3,38.8
2008,3,"Cirsium_undulatum","Hays",5.63000011444092,9.52000045776367,-99.3,38.8
2008,4,"Cirsium_undulatum","Hays",8.99499988555908,49.0900001525879,-99.3,38.8
2008,5,"Cirsium_undulatum","Hays",16.4700012207031,151.309997558594,-99.3,38.8
2008,6,"Cirsium_undulatum","Hays",23.1949996948242,45.7700004577637,-99.3,38.8
2008,7,"Cirsium_undulatum","Hays",25.9000015258789,93.9899978637695,-99.3,38.8
2008,8,"Cirsium_undulatum","Hays",23.6800003051758,103.459999084473,-99.3,38.8
2008,9,"Cirsium_undulatum","Hays",18.9300003051758,50.810001373291,-99.3,38.8
2008,10,"Cirsium_undulatum","Hays",12.4300003051758,143.529998779297,-99.3,38.8
2008,11,"Cirsium_undulatum","Hays",6.73000001907349,18.9300003051758,-99.3,38.8
2008,12,"Cirsium_undulatum","Hays",-2.05499982833862,4.40000009536743,-99.3,38.8
2009,1,"Cirsium_undulatum","Hays",-0.330000162124634,1.07000005245209,-99.3,38.8
2009,2,"Cirsium_undulatum","Hays",3.46000003814697,0.709999978542328,-99.3,38.8
2009,3,"Cirsium_undulatum","Hays",5.77000045776367,1.96000003814697,-99.3,38.8
2009,4,"Cirsium_undulatum","Hays",10.1700000762939,75.1800003051758,-99.3,38.8
2009,5,"Cirsium_undulatum","Hays",16.7649993896484,51.6199989318848,-99.3,38.8
2009,6,"Cirsium_undulatum","Hays",23.1549987792969,62.4799995422363,-99.3,38.8
2009,7,"Cirsium_undulatum","Hays",24.4349994659424,73.5699996948242,-99.3,38.8
2009,8,"Cirsium_undulatum","Hays",23.685001373291,117.690002441406,-99.3,38.8
2009,9,"Cirsium_undulatum","Hays",17.8950004577637,42.4099998474121,-99.3,38.8
2009,10,"Cirsium_undulatum","Hays",8.625,54.8800010681152,-99.3,38.8
2009,11,"Cirsium_undulatum","Hays",7.76500034332275,23.9500007629395,-99.3,38.8
2009,12,"Cirsium_undulatum","Hays",-4.49500036239624,27.2000007629395,-99.3,38.8
2010,1,"Cirsium_undulatum","Hays",-3.05000019073486,4.57000017166138,-99.3,38.8
2010,2,"Cirsium_undulatum","Hays",-1.50500011444092,7.84999990463257,-99.3,38.8
2010,3,"Cirsium_undulatum","Hays",5.73000001907349,42.8300018310547,-99.3,38.8
2010,4,"Cirsium_undulatum","Hays",13.4650001525879,66.6500015258789,-99.3,38.8
2010,5,"Cirsium_undulatum","Hays",15.8599996566772,107.879997253418,-99.3,38.8
2010,6,"Cirsium_undulatum","Hays",24.8899993896484,75.4300003051758,-99.3,38.8
2010,7,"Cirsium_undulatum","Hays",27.0650005340576,73.5899963378906,-99.3,38.8
2010,8,"Cirsium_undulatum","Hays",26.6399993896484,85.0999984741211,-99.3,38.8
2010,9,"Cirsium_undulatum","Hays",21.7250003814697,33.2999992370605,-99.3,38.8
2010,10,"Cirsium_undulatum","Hays",15.0200004577637,3.70000004768372,-99.3,38.8
2010,11,"Cirsium_undulatum","Hays",5.32499980926514,23.1100006103516,-99.3,38.8
2010,12,"Cirsium_undulatum","Hays",-0.819999933242798,1.71000003814697,-99.3,38.8
2011,1,"Cirsium_undulatum","Hays",-2.62499976158142,6.55000019073486,-99.3,38.8
2011,2,"Cirsium_undulatum","Hays",-1.71000003814697,14.460000038147,-99.3,38.8
2011,3,"Cirsium_undulatum","Hays",5.61499977111816,14.4099998474121,-99.3,38.8
2011,4,"Cirsium_undulatum","Hays",12.2300004959106,29.8099994659424,-99.3,38.8
2011,5,"Cirsium_undulatum","Hays",16.7199993133545,87.379997253418,-99.3,38.8
2011,6,"Cirsium_undulatum","Hays",24.6450004577637,65.8300018310547,-99.3,38.8
2011,7,"Cirsium_undulatum","Hays",29.6949996948242,67.0199966430664,-99.3,38.8
2011,8,"Cirsium_undulatum","Hays",27.0849990844727,73.6600036621094,-99.3,38.8
2011,9,"Cirsium_undulatum","Hays",19.1749992370605,18.5400009155273,-99.3,38.8
2011,10,"Cirsium_undulatum","Hays",13.8000001907349,42.1300010681152,-99.3,38.8
2011,11,"Cirsium_undulatum","Hays",6.0149998664856,26.5799999237061,-99.3,38.8
2011,12,"Cirsium_undulatum","Hays",-0.925000190734863,63.4900016784668,-99.3,38.8
2012,1,"Cirsium_undulatum","Hays",1.65999984741211,0,-99.3,38.8
2012,2,"Cirsium_undulatum","Hays",1.83500027656555,35.060001373291,-99.3,38.8
2012,3,"Cirsium_undulatum","Hays",11.9099998474121,49.6599998474121,-99.3,38.8
2012,4,"Cirsium_undulatum","Hays",14.4549999237061,45.3699989318848,-99.3,38.8
2012,5,"Cirsium_undulatum","Hays",20.4950008392334,83.0800018310547,-99.3,38.8
2012,6,"Cirsium_undulatum","Hays",25.7700004577637,32.2200012207031,-99.3,38.8
2012,7,"Cirsium_undulatum","Hays",29.5750007629395,24.2600002288818,-99.3,38.8
2012,8,"Cirsium_undulatum","Hays",24.564998626709,64.1699981689453,-99.3,38.8
2012,9,"Cirsium_undulatum","Hays",20.0200004577637,40.0699996948242,-99.3,38.8
2012,10,"Cirsium_undulatum","Hays",11.2800006866455,26.4899997711182,-99.3,38.8
2012,11,"Cirsium_undulatum","Hays",7.70499992370605,0,-99.3,38.8
2012,12,"Cirsium_undulatum","Hays",0.679999828338623,16.6399993896484,-99.3,38.8
2013,1,"Cirsium_undulatum","Hays",-0.75,22.2099990844727,-99.3,38.8
2013,2,"Cirsium_undulatum","Hays",0.289999961853027,42.9900016784668,-99.3,38.8
2013,3,"Cirsium_undulatum","Hays",4.1899995803833,15.1000003814697,-99.3,38.8
2013,4,"Cirsium_undulatum","Hays",8.69499969482422,27.4400005340576,-99.3,38.8
2013,5,"Cirsium_undulatum","Hays",17.7049999237061,76.9300003051758,-99.3,38.8
2013,6,"Cirsium_undulatum","Hays",24.564998626709,85.6699981689453,-99.3,38.8
2013,7,"Cirsium_undulatum","Hays",25.560001373291,157.779998779297,-99.3,38.8
2013,8,"Cirsium_undulatum","Hays",25.1549987792969,37.6199989318848,-99.3,38.8
2013,9,"Cirsium_undulatum","Hays",22.814998626709,90.2799987792969,-99.3,38.8
2013,10,"Cirsium_undulatum","Hays",12.8250007629395,24.2700004577637,-99.3,38.8
2013,11,"Cirsium_undulatum","Hays",5.14000034332275,31.0100002288818,-99.3,38.8
2013,12,"Cirsium_undulatum","Hays",-1.34999990463257,0.600000023841858,-99.3,38.8
