"Year","Month","SpeciesAuthor","MatrixPopulation","ppt","tmp","Lon","Lat"
1981,1,"Cirsium_undulatum","Hays",5.77333323160807,1.08833328882853,-99.3,38.8
1981,2,"Cirsium_undulatum","Hays",1.26666665077209,2.0699999332428,-99.3,38.8
1981,3,"Cirsium_undulatum","Hays",48.9166666666667,7.07000001271566,-99.3,38.8
1981,4,"Cirsium_undulatum","Hays",57.009999593099,16.2399997711182,-99.3,38.8
1981,5,"Cirsium_undulatum","Hays",148.876668294271,15.1033334732056,-99.3,38.8
1981,6,"Cirsium_undulatum","Hays",36.7866662343343,24.1966673533122,-99.3,38.8
1981,7,"Cirsium_undulatum","Hays",131.923329671224,26.0999997456868,-99.3,38.8
1981,8,"Cirsium_undulatum","Hays",35.8366673787435,24.2566668192546,-99.3,38.8
1981,9,"Cirsium_undulatum","Hays",63.2100003560384,20.6683330535889,-99.3,38.8
1981,10,"Cirsium_undulatum","Hays",22.0799999237061,12.7716665267944,-99.3,38.8
1981,11,"Cirsium_undulatum","Hays",70.14000193278,7.01500002543132,-99.3,38.8
1981,12,"Cirsium_undulatum","Hays",14.5700000127157,0.433333317438761,-99.3,38.8
1982,1,"Cirsium_undulatum","Hays",11.4133332570394,-4.76999998092651,-99.3,38.8
1982,2,"Cirsium_undulatum","Hays",20.7266667683919,-2.94166668256124,-99.3,38.8
1982,3,"Cirsium_undulatum","Hays",73.8199996948242,5.25833320617676,-99.3,38.8
1982,4,"Cirsium_undulatum","Hays",29.2600002288818,10.7950000762939,-99.3,38.8
1982,5,"Cirsium_undulatum","Hays",104.093332926432,17.4250005086263,-99.3,38.8
1982,6,"Cirsium_undulatum","Hays",62.8033332824707,19.7133337656657,-99.3,38.8
1982,7,"Cirsium_undulatum","Hays",103.353332519531,26.0949999491374,-99.3,38.8
1982,8,"Cirsium_undulatum","Hays",25.1866664886475,25.3916664123535,-99.3,38.8
1982,9,"Cirsium_undulatum","Hays",19.6400000254313,20.3683338165283,-99.3,38.8
1982,10,"Cirsium_undulatum","Hays",27.0566660563151,13.2183332443237,-99.3,38.8
1982,11,"Cirsium_undulatum","Hays",11.153333346049,4.26999998092651,-99.3,38.8
1982,12,"Cirsium_undulatum","Hays",28.3433329264323,1.02833326657613,-99.3,38.8
1983,1,"Cirsium_undulatum","Hays",13.7299998601278,-0.954999923706055,-99.3,38.8
1983,2,"Cirsium_undulatum","Hays",27.0033334096273,1.57000001271566,-99.3,38.8
1983,3,"Cirsium_undulatum","Hays",49.0533332824707,4.91833337148031,-99.3,38.8
1983,4,"Cirsium_undulatum","Hays",36.2033335367839,7.9516666730245,-99.3,38.8
1983,5,"Cirsium_undulatum","Hays",50.2700004577637,14.811666170756,-99.3,38.8
1983,6,"Cirsium_undulatum","Hays",51.4833323160807,21.0416666666667,-99.3,38.8
1983,7,"Cirsium_undulatum","Hays",9.28999996185303,28.1466668446859,-99.3,38.8
1983,8,"Cirsium_undulatum","Hays",38.8499997456869,29.3383331298828,-99.3,38.8
1983,9,"Cirsium_undulatum","Hays",25.0966663360596,21.7516670227051,-99.3,38.8
1983,10,"Cirsium_undulatum","Hays",44.6266670227051,14.0333334604899,-99.3,38.8
1983,11,"Cirsium_undulatum","Hays",48.0066655476888,5.94500001271566,-99.3,38.8
1983,12,"Cirsium_undulatum","Hays",17.0066661834717,-9.75166670481364,-99.3,38.8
1984,1,"Cirsium_undulatum","Hays",10.1066668828328,-3.21833308537801,-99.3,38.8
1984,2,"Cirsium_undulatum","Hays",8.24999984105428,4.26833343505859,-99.3,38.8
1984,3,"Cirsium_undulatum","Hays",81.9066670735677,3.05166665712992,-99.3,38.8
1984,4,"Cirsium_undulatum","Hays",132.063334147135,8.90666643778483,-99.3,38.8
1984,5,"Cirsium_undulatum","Hays",38.1933339436849,16.4866663614909,-99.3,38.8
1984,6,"Cirsium_undulatum","Hays",51.5366668701172,23.636666615804,-99.3,38.8
1984,7,"Cirsium_undulatum","Hays",27.4899997711182,26.2683334350586,-99.3,38.8
1984,8,"Cirsium_undulatum","Hays",52.6700007120768,26.6016674041748,-99.3,38.8
1984,9,"Cirsium_undulatum","Hays",22.7499993642171,19.216667175293,-99.3,38.8
1984,10,"Cirsium_undulatum","Hays",94.3966674804688,11.7433331807454,-99.3,38.8
1984,11,"Cirsium_undulatum","Hays",2.53333330154419,5.79000012079875,-99.3,38.8
1984,12,"Cirsium_undulatum","Hays",57.6333338419596,-0.0283332665761312,-99.3,38.8
1985,1,"Cirsium_undulatum","Hays",25.0833333333333,-5.39166688919067,-99.3,38.8
1985,2,"Cirsium_undulatum","Hays",7.8033332824707,-3.19833342234294,-99.3,38.8
1985,3,"Cirsium_undulatum","Hays",18.2333329518636,7.18500010172526,-99.3,38.8
1985,4,"Cirsium_undulatum","Hays",77.4666646321615,13.9100001653035,-99.3,38.8
1985,5,"Cirsium_undulatum","Hays",77.9633305867513,18.2666664123535,-99.3,38.8
1985,6,"Cirsium_undulatum","Hays",33.3099988301595,21.7733338673909,-99.3,38.8
1985,7,"Cirsium_undulatum","Hays",127.459999084473,26.3816674550374,-99.3,38.8
1985,8,"Cirsium_undulatum","Hays",75.64000193278,23.2433338165283,-99.3,38.8
1985,9,"Cirsium_undulatum","Hays",78.2866643269857,19.2333329518636,-99.3,38.8
1985,10,"Cirsium_undulatum","Hays",41.6966654459635,11.971666653951,-99.3,38.8
1985,11,"Cirsium_undulatum","Hays",13.210000038147,0.766666730244954,-99.3,38.8
1985,12,"Cirsium_undulatum","Hays",6.6200000445048,-2.40166664123535,-99.3,38.8
1986,1,"Cirsium_undulatum","Hays",0,3.08166670799255,-99.3,38.8
1986,2,"Cirsium_undulatum","Hays",4.94333330790202,1.6133333047231,-99.3,38.8
1986,3,"Cirsium_undulatum","Hays",28.6833330790202,9.4916664759318,-99.3,38.8
1986,4,"Cirsium_undulatum","Hays",52.0066668192546,13.2050002415975,-99.3,38.8
1986,5,"Cirsium_undulatum","Hays",50.1100006103516,17.6750005086263,-99.3,38.8
1986,6,"Cirsium_undulatum","Hays",116.233332316081,24.4433339436849,-99.3,38.8
1986,7,"Cirsium_undulatum","Hays",70.9833323160807,27.2099997202555,-99.3,38.8
1986,8,"Cirsium_undulatum","Hays",65.1233342488607,24.1266670227051,-99.3,38.8
1986,9,"Cirsium_undulatum","Hays",90.9533309936523,21.1416657765706,-99.3,38.8
1986,10,"Cirsium_undulatum","Hays",59.1700007120768,12.5983336766561,-99.3,38.8
1986,11,"Cirsium_undulatum","Hays",14.289999961853,4.2549999554952,-99.3,38.8
1986,12,"Cirsium_undulatum","Hays",19.693333307902,1.21000003814697,-99.3,38.8
1987,1,"Cirsium_undulatum","Hays",4.88333320617676,-0.0800000826517741,-99.3,38.8
1987,2,"Cirsium_undulatum","Hays",31.2966664632161,4.17999982833862,-99.3,38.8
1987,3,"Cirsium_undulatum","Hays",166.893330891927,5.28000005086263,-99.3,38.8
1987,4,"Cirsium_undulatum","Hays",83.2766647338867,12.1799999872843,-99.3,38.8
1987,5,"Cirsium_undulatum","Hays",69.4966684977214,18.9483331044515,-99.3,38.8
1987,6,"Cirsium_undulatum","Hays",94.6666666666667,23.896666208903,-99.3,38.8
1987,7,"Cirsium_undulatum","Hays",61.2866668701172,25.6550000508626,-99.3,38.8
1987,8,"Cirsium_undulatum","Hays",110.790000915527,24.2483336130778,-99.3,38.8
1987,9,"Cirsium_undulatum","Hays",13.233333269755,20.1466668446859,-99.3,38.8
1987,10,"Cirsium_undulatum","Hays",23.4466660817464,11.8250001271566,-99.3,38.8
1987,11,"Cirsium_undulatum","Hays",20.4633331298828,7.01000006993612,-99.3,38.8
1987,12,"Cirsium_undulatum","Hays",7.82333326339722,0.403333346048991,-99.3,38.8
1988,1,"Cirsium_undulatum","Hays",16.4133338928223,-4.35999997456868,-99.3,38.8
1988,2,"Cirsium_undulatum","Hays",7.23999993006388,-0.318333387374878,-99.3,38.8
1988,3,"Cirsium_undulatum","Hays",7.61333322525024,5.80166657765706,-99.3,38.8
1988,4,"Cirsium_undulatum","Hays",48.353333791097,10.9166666666667,-99.3,38.8
1988,5,"Cirsium_undulatum","Hays",27.2466672261556,19.216667175293,-99.3,38.8
1988,6,"Cirsium_undulatum","Hays",24.6333332061768,26.3050003051758,-99.3,38.8
1988,7,"Cirsium_undulatum","Hays",96.1800003051758,25.8366661071777,-99.3,38.8
1988,8,"Cirsium_undulatum","Hays",37.8466669718424,26.3883330027262,-99.3,38.8
1988,9,"Cirsium_undulatum","Hays",62.1833343505859,20.0533332824707,-99.3,38.8
1988,10,"Cirsium_undulatum","Hays",8.37666686375936,11.9549999237061,-99.3,38.8
1988,11,"Cirsium_undulatum","Hays",13.0533336003621,6.47333351771037,-99.3,38.8
1988,12,"Cirsium_undulatum","Hays",4.76666673024495,2.28166667620341,-99.3,38.8
1989,1,"Cirsium_undulatum","Hays",2.6966667175293,1.64999993642171,-99.3,38.8
1989,2,"Cirsium_undulatum","Hays",6.94000005722046,-4.46166674296061,-99.3,38.8
1989,3,"Cirsium_undulatum","Hays",15.7399997711182,5.62333345413208,-99.3,38.8
1989,4,"Cirsium_undulatum","Hays",4.15999992688497,14.3716665903727,-99.3,38.8
1989,5,"Cirsium_undulatum","Hays",57.6966667175293,17.9983336130778,-99.3,38.8
1989,6,"Cirsium_undulatum","Hays",112.11333211263,20.363333384196,-99.3,38.8
1989,7,"Cirsium_undulatum","Hays",98.0366668701172,25.2366663614909,-99.3,38.8
1989,8,"Cirsium_undulatum","Hays",39.3066660563151,24.2766666412354,-99.3,38.8
1989,9,"Cirsium_undulatum","Hays",80.5566685994466,18.5816669464111,-99.3,38.8
1989,10,"Cirsium_undulatum","Hays",32.7233339945475,14.1733338038127,-99.3,38.8
1989,11,"Cirsium_undulatum","Hays",0.0300000011920929,6.00666650136312,-99.3,38.8
1989,12,"Cirsium_undulatum","Hays",3.26666673024495,-2.83666642506917,-99.3,38.8
1990,1,"Cirsium_undulatum","Hays",22.3300005594889,0.93999989827474,-99.3,38.8
1990,2,"Cirsium_undulatum","Hays",8.30333344141642,1.80999994277954,-99.3,38.8
1990,3,"Cirsium_undulatum","Hays",60.5300000508626,7.33500003814697,-99.3,38.8
1990,4,"Cirsium_undulatum","Hays",100.139999389648,11.3233334223429,-99.3,38.8
1990,5,"Cirsium_undulatum","Hays",106.076665242513,15.2816664377848,-99.3,38.8
1990,6,"Cirsium_undulatum","Hays",50.0233332316081,25.2133331298828,-99.3,38.8
1990,7,"Cirsium_undulatum","Hays",89.2266667683919,25.7166665395101,-99.3,38.8
1990,8,"Cirsium_undulatum","Hays",99.8899993896484,25.1466674804688,-99.3,38.8
1990,9,"Cirsium_undulatum","Hays",41.7933336893717,22.6183331807454,-99.3,38.8
1990,10,"Cirsium_undulatum","Hays",10.1266667048136,13.3500000635783,-99.3,38.8
1990,11,"Cirsium_undulatum","Hays",17.1766668955485,8.6133337020874,-99.3,38.8
1990,12,"Cirsium_undulatum","Hays",8.53333346048991,-2.92833336194356,-99.3,38.8
1991,1,"Cirsium_undulatum","Hays",3.0600000222524,-3.39166688919067,-99.3,38.8
1991,2,"Cirsium_undulatum","Hays",0,4.94500017166138,-99.3,38.8
1991,3,"Cirsium_undulatum","Hays",38.9133326212565,7.31500005722046,-99.3,38.8
1991,4,"Cirsium_undulatum","Hays",37.636666615804,12.8900000254313,-99.3,38.8
1991,5,"Cirsium_undulatum","Hays",102.286664326986,19.0333334604899,-99.3,38.8
1991,6,"Cirsium_undulatum","Hays",17.3499997456868,25.218334197998,-99.3,38.8
1991,7,"Cirsium_undulatum","Hays",37.2333335876465,27.7066669464111,-99.3,38.8
1991,8,"Cirsium_undulatum","Hays",65.4300003051758,25.1333338419596,-99.3,38.8
1991,9,"Cirsium_undulatum","Hays",14.8500000635783,20.9116668701172,-99.3,38.8
1991,10,"Cirsium_undulatum","Hays",14.9966665903727,13.398333867391,-99.3,38.8
1991,11,"Cirsium_undulatum","Hays",28.4666665395101,1.75000007947286,-99.3,38.8
1991,12,"Cirsium_undulatum","Hays",41.4333330790202,2.31833330790202,-99.3,38.8
1992,1,"Cirsium_undulatum","Hays",30.2933330535889,2.63833340009054,-99.3,38.8
1992,2,"Cirsium_undulatum","Hays",29.2966664632161,5.1166664759318,-99.3,38.8
1992,3,"Cirsium_undulatum","Hays",37.8466669718424,8.50833320617676,-99.3,38.8
1992,4,"Cirsium_undulatum","Hays",7.0766666730245,12.4033330281576,-99.3,38.8
1992,5,"Cirsium_undulatum","Hays",95.7099990844727,17.1383330027262,-99.3,38.8
1992,6,"Cirsium_undulatum","Hays",149.789998372396,20.3316663106283,-99.3,38.8
1992,7,"Cirsium_undulatum","Hays",124.213333129883,24.0600001017253,-99.3,38.8
1992,8,"Cirsium_undulatum","Hays",109.293334960938,21.5083332061768,-99.3,38.8
1992,9,"Cirsium_undulatum","Hays",34.0499992370605,20.3483333587646,-99.3,38.8
1992,10,"Cirsium_undulatum","Hays",50.5033327738444,13.4283332824707,-99.3,38.8
1992,11,"Cirsium_undulatum","Hays",49.6399993896484,2.53666671117147,-99.3,38.8
1992,12,"Cirsium_undulatum","Hays",27.4066664377848,-3.0550000667572,-99.3,38.8
1993,1,"Cirsium_undulatum","Hays",28.3100001017253,-5.5483333269755,-99.3,38.8
1993,2,"Cirsium_undulatum","Hays",62.0066668192546,-4.10166660944621,-99.3,38.8
1993,3,"Cirsium_undulatum","Hays",52.363333384196,4.20499976476033,-99.3,38.8
1993,4,"Cirsium_undulatum","Hays",30.9799995422363,9.91666666666667,-99.3,38.8
1993,5,"Cirsium_undulatum","Hays",98.216667175293,16.8999996185303,-99.3,38.8
1993,6,"Cirsium_undulatum","Hays",127.583333333333,21.9750003814697,-99.3,38.8
1993,7,"Cirsium_undulatum","Hays",291.576670328776,25.1233336130778,-99.3,38.8
1993,8,"Cirsium_undulatum","Hays",141.940002441406,24.6016667683919,-99.3,38.8
1993,9,"Cirsium_undulatum","Hays",59.2800000508626,17.5733337402344,-99.3,38.8
1993,10,"Cirsium_undulatum","Hays",16.1666660308838,12.068333307902,-99.3,38.8
1993,11,"Cirsium_undulatum","Hays",12.1499996185303,3.02666672070821,-99.3,38.8
1993,12,"Cirsium_undulatum","Hays",27.886666615804,1.85500009854635,-99.3,38.8
1994,1,"Cirsium_undulatum","Hays",17.0599994659424,-2.00166662534078,-99.3,38.8
1994,2,"Cirsium_undulatum","Hays",14.039999961853,-2.46666661898295,-99.3,38.8
1994,3,"Cirsium_undulatum","Hays",1.50999999046326,8.38166681925456,-99.3,38.8
1994,4,"Cirsium_undulatum","Hays",72.6966654459635,11.0949996312459,-99.3,38.8
1994,5,"Cirsium_undulatum","Hays",22.9500001271566,18.3533331553141,-99.3,38.8
1994,6,"Cirsium_undulatum","Hays",27.9200000762939,25.4783331553141,-99.3,38.8
1994,7,"Cirsium_undulatum","Hays",151.203333536784,24.386666615804,-99.3,38.8
1994,8,"Cirsium_undulatum","Hays",15.1766665776571,25.6599998474121,-99.3,38.8
1994,9,"Cirsium_undulatum","Hays",15.6099999745687,20.4483331044515,-99.3,38.8
1994,10,"Cirsium_undulatum","Hays",25.4699999491374,14.3783337275187,-99.3,38.8
1994,11,"Cirsium_undulatum","Hays",46.0166664123535,6.31333335240682,-99.3,38.8
1994,12,"Cirsium_undulatum","Hays",24.8299999237061,2.04000004132589,-99.3,38.8
1995,1,"Cirsium_undulatum","Hays",35.75,-1.125,-99.3,38.8
1995,2,"Cirsium_undulatum","Hays",3.76666673024495,3.99666674931844,-99.3,38.8
1995,3,"Cirsium_undulatum","Hays",26.7766666412354,5.1983331044515,-99.3,38.8
1995,4,"Cirsium_undulatum","Hays",36.5833333333333,9.47666645050049,-99.3,38.8
1995,5,"Cirsium_undulatum","Hays",226.980000813802,13.4450003306071,-99.3,38.8
1995,6,"Cirsium_undulatum","Hays",61.9466654459635,21.203332901001,-99.3,38.8
1995,7,"Cirsium_undulatum","Hays",29.3466663360596,25.9283332824707,-99.3,38.8
1995,8,"Cirsium_undulatum","Hays",32.0300000508626,27.615000406901,-99.3,38.8
1995,9,"Cirsium_undulatum","Hays",36.2600008646647,19.2849998474121,-99.3,38.8
1995,10,"Cirsium_undulatum","Hays",4.48000001907349,13.0733331044515,-99.3,38.8
1995,11,"Cirsium_undulatum","Hays",4.99666659037272,5.24166663487752,-99.3,38.8
1995,12,"Cirsium_undulatum","Hays",9.11333338419596,-0.105000098546346,-99.3,38.8
1996,1,"Cirsium_undulatum","Hays",8.64333311716715,-4.03333330154419,-99.3,38.8
1996,2,"Cirsium_undulatum","Hays",2.00666666030884,2.02833342552185,-99.3,38.8
1996,3,"Cirsium_undulatum","Hays",30.2533334096273,2.20833333333333,-99.3,38.8
1996,4,"Cirsium_undulatum","Hays",18.6733341217041,12.2083333333333,-99.3,38.8
1996,5,"Cirsium_undulatum","Hays",168.279998779297,17.796667098999,-99.3,38.8
1996,6,"Cirsium_undulatum","Hays",101.573331197103,23.4983336130778,-99.3,38.8
1996,7,"Cirsium_undulatum","Hays",115.096666971842,24.8266665140788,-99.3,38.8
1996,8,"Cirsium_undulatum","Hays",126.173334757487,23.224999109904,-99.3,38.8
1996,9,"Cirsium_undulatum","Hays",75.6366653442383,18.1649996439616,-99.3,38.8
1996,10,"Cirsium_undulatum","Hays",23.1200002034505,13.0833333333333,-99.3,38.8
1996,11,"Cirsium_undulatum","Hays",89.0800018310547,3.02500001589457,-99.3,38.8
1996,12,"Cirsium_undulatum","Hays",0.350000003973643,-0.668333292007446,-99.3,38.8
1997,1,"Cirsium_undulatum","Hays",0,-2.51166661580404,-99.3,38.8
1997,2,"Cirsium_undulatum","Hays",16.8866662979126,0.403333346048991,-99.3,38.8
1997,3,"Cirsium_undulatum","Hays",0,7.20166635513306,-99.3,38.8
1997,4,"Cirsium_undulatum","Hays",60.9133326212565,8.09000015258789,-99.3,38.8
1997,5,"Cirsium_undulatum","Hays",41.5833320617676,15.3216667175293,-99.3,38.8
1997,6,"Cirsium_undulatum","Hays",111.353335062663,22.4849993387858,-99.3,38.8
1997,7,"Cirsium_undulatum","Hays",82.7899983723958,25.5,-99.3,38.8
1997,8,"Cirsium_undulatum","Hays",140.409998575846,23.7233339945475,-99.3,38.8
1997,9,"Cirsium_undulatum","Hays",47.2433331807454,21.0633328755697,-99.3,38.8
1997,10,"Cirsium_undulatum","Hays",62.043332417806,13.851666132609,-99.3,38.8
1997,11,"Cirsium_undulatum","Hays",4.1966667175293,4.31833346684774,-99.3,38.8
1997,12,"Cirsium_undulatum","Hays",35.8566665649414,-0.573333342870077,-99.3,38.8
1998,1,"Cirsium_undulatum","Hays",1.6899999777476,-0.568333387374878,-99.3,38.8
1998,2,"Cirsium_undulatum","Hays",41.740000406901,3.31666660308838,-99.3,38.8
1998,3,"Cirsium_undulatum","Hays",44.5166676839193,1.98166672388713,-99.3,38.8
1998,4,"Cirsium_undulatum","Hays",78.446667989095,10.2699998219808,-99.3,38.8
1998,5,"Cirsium_undulatum","Hays",50.5299987792969,19.3283335367839,-99.3,38.8
1998,6,"Cirsium_undulatum","Hays",37.8733342488607,23.2666676839193,-99.3,38.8
1998,7,"Cirsium_undulatum","Hays",171.61333211263,26.6049995422363,-99.3,38.8
1998,8,"Cirsium_undulatum","Hays",58.5233332316081,25.3583335876465,-99.3,38.8
1998,9,"Cirsium_undulatum","Hays",28.1333338419596,23.2749996185303,-99.3,38.8
1998,10,"Cirsium_undulatum","Hays",29.7933330535889,14.4183333714803,-99.3,38.8
1998,11,"Cirsium_undulatum","Hays",76.8299992879232,7.44833342234294,-99.3,38.8
1998,12,"Cirsium_undulatum","Hays",3.56666668256124,0.778333346048991,-99.3,38.8
1999,1,"Cirsium_undulatum","Hays",24.2933330535889,-0.716666618982951,-99.3,38.8
1999,2,"Cirsium_undulatum","Hays",0.656666666269302,4.96833340326945,-99.3,38.8
1999,3,"Cirsium_undulatum","Hays",37.1033325195312,4.68333339691162,-99.3,38.8
1999,4,"Cirsium_undulatum","Hays",73.6533330281575,10.7883335749308,-99.3,38.8
1999,5,"Cirsium_undulatum","Hays",52.8666674296061,17.0016670227051,-99.3,38.8
1999,6,"Cirsium_undulatum","Hays",99.8799997965495,21.1233336130778,-99.3,38.8
1999,7,"Cirsium_undulatum","Hays",90.9566650390625,26.9916661580404,-99.3,38.8
1999,8,"Cirsium_undulatum","Hays",126.716664632161,25.0549996693929,-99.3,38.8
1999,9,"Cirsium_undulatum","Hays",42.8433329264323,18.5066674550374,-99.3,38.8
1999,10,"Cirsium_undulatum","Hays",1.8100000222524,13.0600001017253,-99.3,38.8
1999,11,"Cirsium_undulatum","Hays",4.40666675567627,9.19833342234294,-99.3,38.8
1999,12,"Cirsium_undulatum","Hays",2.96999994913737,2.09000007311503,-99.3,38.8
2000,1,"Cirsium_undulatum","Hays",8.25333340962728,-0.558333237965902,-99.3,38.8
2000,2,"Cirsium_undulatum","Hays",19.8799997965495,3.8100000222524,-99.3,38.8
2000,3,"Cirsium_undulatum","Hays",105.629999796549,6.6933331489563,-99.3,38.8
2000,4,"Cirsium_undulatum","Hays",39.3599993387858,11.101666132609,-99.3,38.8
2000,5,"Cirsium_undulatum","Hays",71.6599985758464,18.6783332824707,-99.3,38.8
2000,6,"Cirsium_undulatum","Hays",41.8866678873698,22.6099999745687,-99.3,38.8
2000,7,"Cirsium_undulatum","Hays",153.876663208008,25.9799995422363,-99.3,38.8
2000,8,"Cirsium_undulatum","Hays",6.21333344777425,27.9433339436849,-99.3,38.8
2000,9,"Cirsium_undulatum","Hays",15.0199998219808,21.468334197998,-99.3,38.8
2000,10,"Cirsium_undulatum","Hays",63.4666659037272,14.7516667048136,-99.3,38.8
2000,11,"Cirsium_undulatum","Hays",28.2133337656657,2.02999997138977,-99.3,38.8
2000,12,"Cirsium_undulatum","Hays",3.29666670163473,-4.05833339691162,-99.3,38.8
2001,1,"Cirsium_undulatum","Hays",25.7666670481364,-0.671666701634725,-99.3,38.8
2001,2,"Cirsium_undulatum","Hays",40.3400001525879,-3.14333335558573,-99.3,38.8
2001,3,"Cirsium_undulatum","Hays",27.3900000254313,4.30666669209798,-99.3,38.8
2001,4,"Cirsium_undulatum","Hays",41.8566652933756,13.6433334350586,-99.3,38.8
2001,5,"Cirsium_undulatum","Hays",165.836669921875,17.6033331553141,-99.3,38.8
2001,6,"Cirsium_undulatum","Hays",75.196667989095,22.0333334604899,-99.3,38.8
2001,7,"Cirsium_undulatum","Hays",108.866668701172,28.5533326466878,-99.3,38.8
2001,8,"Cirsium_undulatum","Hays",39.3199996948242,25.9666659037272,-99.3,38.8
2001,9,"Cirsium_undulatum","Hays",130.583333333333,19.7883332570394,-99.3,38.8
2001,10,"Cirsium_undulatum","Hays",21.4466667175293,12.5449997584025,-99.3,38.8
2001,11,"Cirsium_undulatum","Hays",9.64666652679443,8.72999954223633,-99.3,38.8
2001,12,"Cirsium_undulatum","Hays",1.04333331187566,1.8799999554952,-99.3,38.8
2002,1,"Cirsium_undulatum","Hays",15.5300000508626,0.098333199818929,-99.3,38.8
2002,2,"Cirsium_undulatum","Hays",5.65333318710327,0.493333260218302,-99.3,38.8
2002,3,"Cirsium_undulatum","Hays",8.73333326975504,2.25666658083598,-99.3,38.8
2002,4,"Cirsium_undulatum","Hays",49.5133336385091,12.5116669336955,-99.3,38.8
2002,5,"Cirsium_undulatum","Hays",54.966667175293,16.0983339945475,-99.3,38.8
2002,6,"Cirsium_undulatum","Hays",46.7733345031738,25.6266670227051,-99.3,38.8
2002,7,"Cirsium_undulatum","Hays",64.3500010172526,27.1666660308838,-99.3,38.8
2002,8,"Cirsium_undulatum","Hays",96.4499994913737,25.2516663869222,-99.3,38.8
2002,9,"Cirsium_undulatum","Hays",20.6833337148031,20.7000001271566,-99.3,38.8
2002,10,"Cirsium_undulatum","Hays",81.4700012207031,9.41666666666667,-99.3,38.8
2002,11,"Cirsium_undulatum","Hays",1.90666667620341,5.17999982833862,-99.3,38.8
2002,12,"Cirsium_undulatum","Hays",1.45333329836528,1.39000002543132,-99.3,38.8
2003,1,"Cirsium_undulatum","Hays",0,-0.541666746139526,-99.3,38.8
2003,2,"Cirsium_undulatum","Hays",11.9500001271566,-1.54499999682109,-99.3,38.8
2003,3,"Cirsium_undulatum","Hays",62.2800000508626,5.43666664759318,-99.3,38.8
2003,4,"Cirsium_undulatum","Hays",92.9599990844727,12.3783337275187,-99.3,38.8
2003,5,"Cirsium_undulatum","Hays",77.1133321126302,16.0866661071777,-99.3,38.8
2003,6,"Cirsium_undulatum","Hays",106.626668294271,21.068333307902,-99.3,38.8
2003,7,"Cirsium_undulatum","Hays",0.316666663934787,27.9966659545898,-99.3,38.8
2003,8,"Cirsium_undulatum","Hays",86.1500015258789,26.5583337148031,-99.3,38.8
2003,9,"Cirsium_undulatum","Hays",134.063334147135,18.3066660563151,-99.3,38.8
2003,10,"Cirsium_undulatum","Hays",8.30000003178914,14.0766668319702,-99.3,38.8
2003,11,"Cirsium_undulatum","Hays",3.79000004132589,4.36499993006388,-99.3,38.8
2003,12,"Cirsium_undulatum","Hays",11.4066667556763,0.776666641235352,-99.3,38.8
2004,1,"Cirsium_undulatum","Hays",7.66333341598511,-2.29333337148031,-99.3,38.8
2004,2,"Cirsium_undulatum","Hays",14.4333333969116,-1.71166658401489,-99.3,38.8
2004,3,"Cirsium_undulatum","Hays",62.4566663106283,8.81833362579346,-99.3,38.8
2004,4,"Cirsium_undulatum","Hays",42.0533332824707,11.7916669845581,-99.3,38.8
2004,5,"Cirsium_undulatum","Hays",41.353333791097,19.0883331298828,-99.3,38.8
2004,6,"Cirsium_undulatum","Hays",116.053332010905,21.7349993387858,-99.3,38.8
2004,7,"Cirsium_undulatum","Hays",176.580001831055,23.9833335876465,-99.3,38.8
2004,8,"Cirsium_undulatum","Hays",46.8300005594889,22.3500003814697,-99.3,38.8
2004,9,"Cirsium_undulatum","Hays",64.4000002543132,21.5633335113525,-99.3,38.8
2004,10,"Cirsium_undulatum","Hays",48.343334197998,13.5349998474121,-99.3,38.8
2004,11,"Cirsium_undulatum","Hays",18.8333333333333,5.71166658401489,-99.3,38.8
2004,12,"Cirsium_undulatum","Hays",2.56333335240682,1.07333326339722,-99.3,38.8
2005,1,"Cirsium_undulatum","Hays",30.0933329264323,-2.90666667620341,-99.3,38.8
2005,2,"Cirsium_undulatum","Hays",46.1400006612142,3.25,-99.3,38.8
2005,3,"Cirsium_undulatum","Hays",67.4066670735677,6.1299999554952,-99.3,38.8
2005,4,"Cirsium_undulatum","Hays",58.4166666666667,11.7833334604899,-99.3,38.8
2005,5,"Cirsium_undulatum","Hays",32.2899996439616,17.4783331553141,-99.3,38.8
2005,6,"Cirsium_undulatum","Hays",83.0933329264323,23.7683334350586,-99.3,38.8
2005,7,"Cirsium_undulatum","Hays",53.5833333333333,26.1966667175293,-99.3,38.8
2005,8,"Cirsium_undulatum","Hays",84.2366663614909,25.0499992370605,-99.3,38.8
2005,9,"Cirsium_undulatum","Hays",48.1599998474121,22.2116667429606,-99.3,38.8
2005,10,"Cirsium_undulatum","Hays",54.0966669718424,13.6749998728434,-99.3,38.8
2005,11,"Cirsium_undulatum","Hays",18.1066665649414,7.23499997456868,-99.3,38.8
2005,12,"Cirsium_undulatum","Hays",8.92333316802979,-1.51833327611287,-99.3,38.8
2006,1,"Cirsium_undulatum","Hays",1.0499999721845,4.33166646957397,-99.3,38.8
2006,2,"Cirsium_undulatum","Hays",0,0.250000158945719,-99.3,38.8
2006,3,"Cirsium_undulatum","Hays",38.3933334350586,6.68166669209798,-99.3,38.8
2006,4,"Cirsium_undulatum","Hays",38.5533332824707,14.5566670099894,-99.3,38.8
2006,5,"Cirsium_undulatum","Hays",33.0766671498617,18.5783335367839,-99.3,38.8
2006,6,"Cirsium_undulatum","Hays",86.1000010172526,24.6166667938232,-99.3,38.8
2006,7,"Cirsium_undulatum","Hays",22.8566668828328,27.7550010681152,-99.3,38.8
2006,8,"Cirsium_undulatum","Hays",106.673334757487,25.410000483195,-99.3,38.8
2006,9,"Cirsium_undulatum","Hays",79.6566670735677,17.5066674550374,-99.3,38.8
2006,10,"Cirsium_undulatum","Hays",35.4166666666667,12.3833332061768,-99.3,38.8
2006,11,"Cirsium_undulatum","Hays",7.46333328882853,5.90999984741211,-99.3,38.8
2006,12,"Cirsium_undulatum","Hays",78.2800013224284,1.47166681289673,-99.3,38.8
2007,1,"Cirsium_undulatum","Hays",13.3433335622152,-3.22666660944621,-99.3,38.8
2007,2,"Cirsium_undulatum","Hays",33.6766656239827,-1.23166656494141,-99.3,38.8
2007,3,"Cirsium_undulatum","Hays",108.733332316081,10.3300002415975,-99.3,38.8
2007,4,"Cirsium_undulatum","Hays",45.6433334350586,9.8133331934611,-99.3,38.8
2007,5,"Cirsium_undulatum","Hays",130.400001525879,18.4299996693929,-99.3,38.8
2007,6,"Cirsium_undulatum","Hays",79.9266662597656,22.0966663360596,-99.3,38.8
2007,7,"Cirsium_undulatum","Hays",158.480000813802,25.3699995676676,-99.3,38.8
2007,8,"Cirsium_undulatum","Hays",80.6566670735677,27.2866655985514,-99.3,38.8
2007,9,"Cirsium_undulatum","Hays",55.033332824707,21.2666670481364,-99.3,38.8
2007,10,"Cirsium_undulatum","Hays",50.6766662597656,14.5266669591268,-99.3,38.8
2007,11,"Cirsium_undulatum","Hays",5.22333335876465,5.89166673024495,-99.3,38.8
2007,12,"Cirsium_undulatum","Hays",55.7466672261556,-2.77333339055379,-99.3,38.8
2008,1,"Cirsium_undulatum","Hays",16.289999961853,-2.46666669845581,-99.3,38.8
2008,2,"Cirsium_undulatum","Hays",37.6966679890951,-0.585000038146973,-99.3,38.8
2008,3,"Cirsium_undulatum","Hays",9.93333339691162,5.58000008265177,-99.3,38.8
2008,4,"Cirsium_undulatum","Hays",49.5100008646647,8.96833356221517,-99.3,38.8
2008,5,"Cirsium_undulatum","Hays",154.600001017253,16.4400005340576,-99.3,38.8
2008,6,"Cirsium_undulatum","Hays",46.7733332316081,23.2033335367839,-99.3,38.8
2008,7,"Cirsium_undulatum","Hays",99.0799992879232,25.8833338419596,-99.3,38.8
2008,8,"Cirsium_undulatum","Hays",102.143333435059,23.6449991861979,-99.3,38.8
2008,9,"Cirsium_undulatum","Hays",52.603333791097,18.863333384196,-99.3,38.8
2008,10,"Cirsium_undulatum","Hays",147.77333577474,12.3966668446859,-99.3,38.8
2008,11,"Cirsium_undulatum","Hays",18.6033331553141,6.67500003178914,-99.3,38.8
2008,12,"Cirsium_undulatum","Hays",4.22333335876465,-2.09833319981893,-99.3,38.8
2009,1,"Cirsium_undulatum","Hays",1.08333337306976,-0.37333337465922,-99.3,38.8
2009,2,"Cirsium_undulatum","Hays",0.716666658719381,3.40166656176249,-99.3,38.8
2009,3,"Cirsium_undulatum","Hays",1.66000000635783,5.72000026702881,-99.3,38.8
2009,4,"Cirsium_undulatum","Hays",78.1533355712891,10.1583331425985,-99.3,38.8
2009,5,"Cirsium_undulatum","Hays",52.5499992370605,16.7349999745687,-99.3,38.8
2009,6,"Cirsium_undulatum","Hays",66.1200014750163,23.1550000508626,-99.3,38.8
2009,7,"Cirsium_undulatum","Hays",73.0266672770182,24.4083334604899,-99.3,38.8
2009,8,"Cirsium_undulatum","Hays",116.060000101725,23.6666673024495,-99.3,38.8
2009,9,"Cirsium_undulatum","Hays",43.240000406901,17.8599993387858,-99.3,38.8
2009,10,"Cirsium_undulatum","Hays",54.8700002034505,8.59666665395101,-99.3,38.8
2009,11,"Cirsium_undulatum","Hays",25.2066669464111,7.71500015258789,-99.3,38.8
2009,12,"Cirsium_undulatum","Hays",26.7633336385091,-4.54500007629395,-99.3,38.8
2010,1,"Cirsium_undulatum","Hays",3.6966667175293,-3.11166683832804,-99.3,38.8
2010,2,"Cirsium_undulatum","Hays",8.44666655858358,-1.5466666618983,-99.3,38.8
2010,3,"Cirsium_undulatum","Hays",45.2233339945475,5.71333328882853,-99.3,38.8
2010,4,"Cirsium_undulatum","Hays",66.0666681925456,13.4266665776571,-99.3,38.8
2010,5,"Cirsium_undulatum","Hays",103.936665852865,15.8316666285197,-99.3,38.8
2010,6,"Cirsium_undulatum","Hays",80.0233332316081,24.8833332061768,-99.3,38.8
2010,7,"Cirsium_undulatum","Hays",74.3466644287109,27.068333307902,-99.3,38.8
2010,8,"Cirsium_undulatum","Hays",90.6699981689453,26.6183338165283,-99.3,38.8
2010,9,"Cirsium_undulatum","Hays",38.6433334350586,21.6733334859212,-99.3,38.8
2010,10,"Cirsium_undulatum","Hays",2.48333334922791,14.9816668828328,-99.3,38.8
2010,11,"Cirsium_undulatum","Hays",22.5666669209798,5.27000013987223,-99.3,38.8
2010,12,"Cirsium_undulatum","Hays",2.0300000111262,-0.859999895095825,-99.3,38.8
2011,1,"Cirsium_undulatum","Hays",6.53000005086263,-2.64666652679443,-99.3,38.8
2011,2,"Cirsium_undulatum","Hays",14.8266665140788,-1.71833340326945,-99.3,38.8
2011,3,"Cirsium_undulatum","Hays",14.6233332951864,5.60499986012777,-99.3,38.8
2011,4,"Cirsium_undulatum","Hays",29.7866662343343,12.2149998346965,-99.3,38.8
2011,5,"Cirsium_undulatum","Hays",81.6033325195312,16.6983331044515,-99.3,38.8
2011,6,"Cirsium_undulatum","Hays",66.0699996948242,24.6333332061768,-99.3,38.8
2011,7,"Cirsium_undulatum","Hays",67.6899998982747,29.6633332570394,-99.3,38.8
2011,8,"Cirsium_undulatum","Hays",80.870002746582,27.0466664632161,-99.3,38.8
2011,9,"Cirsium_undulatum","Hays",17.2633336385091,19.1283334096273,-99.3,38.8
2011,10,"Cirsium_undulatum","Hays",40.7666664123535,13.7616669336955,-99.3,38.8
2011,11,"Cirsium_undulatum","Hays",26.9633337656657,5.98499997456868,-99.3,38.8
2011,12,"Cirsium_undulatum","Hays",60.3799997965495,-0.930000146230062,-99.3,38.8
2012,1,"Cirsium_undulatum","Hays",0.0500000019868215,1.64166665077209,-99.3,38.8
2012,2,"Cirsium_undulatum","Hays",33.7133344014486,1.80833347638448,-99.3,38.8
2012,3,"Cirsium_undulatum","Hays",47.793332417806,11.8983332316081,-99.3,38.8
2012,4,"Cirsium_undulatum","Hays",52.4333330790202,14.4416666030884,-99.3,38.8
2012,5,"Cirsium_undulatum","Hays",69.4000002543132,20.4699999491374,-99.3,38.8
2012,6,"Cirsium_undulatum","Hays",29.490000406901,25.7716668446859,-99.3,38.8
2012,7,"Cirsium_undulatum","Hays",19.0133333206177,29.5549996693929,-99.3,38.8
2012,8,"Cirsium_undulatum","Hays",69.2266642252604,24.5616658528646,-99.3,38.8
2012,9,"Cirsium_undulatum","Hays",37.3066660563151,19.9816665649414,-99.3,38.8
2012,10,"Cirsium_undulatum","Hays",26.646666208903,11.2700004577637,-99.3,38.8
2012,11,"Cirsium_undulatum","Hays",0,7.68999989827474,-99.3,38.8
2012,12,"Cirsium_undulatum","Hays",17.2566661834717,0.695000012715658,-99.3,38.8
2013,1,"Cirsium_undulatum","Hays",21.5900001525879,-0.761666695276896,-99.3,38.8
2013,2,"Cirsium_undulatum","Hays",42.4000002543131,0.305000066757202,-99.3,38.8
2013,3,"Cirsium_undulatum","Hays",15.9966665903727,4.17333300908407,-99.3,38.8
2013,4,"Cirsium_undulatum","Hays",27.1166667938232,8.6783332824707,-99.3,38.8
2013,5,"Cirsium_undulatum","Hays",86.7899983723958,17.6999994913737,-99.3,38.8
2013,6,"Cirsium_undulatum","Hays",76.9866663614909,24.55499903361,-99.3,38.8
2013,7,"Cirsium_undulatum","Hays",156.503331502279,25.5400009155273,-99.3,38.8
2013,8,"Cirsium_undulatum","Hays",32.5799992879232,25.1749998728434,-99.3,38.8
2013,9,"Cirsium_undulatum","Hays",86.9566650390625,22.8016662597656,-99.3,38.8
2013,10,"Cirsium_undulatum","Hays",26.2433331807454,12.8083337148031,-99.3,38.8
2013,11,"Cirsium_undulatum","Hays",31.1166667938232,5.13500006993612,-99.3,38.8
2013,12,"Cirsium_undulatum","Hays",0.883333325386047,-1.30666677157084,-99.3,38.8
